time,open,high,low,close,tick_volume,spread,real_volume
1779377400,1.15946,1.1609,1.15941,1.15972,3360,0,0
1779379200,1.15972,1.16,1.15873,1.15893,2268,1,0
1779381000,1.15895,1.1601,1.15763,1.15946,3804,0,0
1779382800,1.15946,1.15956,1.15842,1.15887,3368,0,0
1779384600,1.15887,1.15965,1.15859,1.15928,2839,0,0
1779386400,1.15928,1.15938,1.15821,1.15855,3127,0,0
1779388200,1.15854,1.15889,1.15828,1.15883,1770,1,0
1779390000,1.15884,1.1593499999999999,1.15844,1.15932,1881,0,0
1779391800,1.15933,1.15963,1.15922,1.15952,1289,0,0
1779393600,1.15952,1.1620300000000001,1.15927,1.16182,4262,0,0
1779395400,1.16182,1.16299,1.16146,1.16248,2920,0,0
1779397200,1.16247,1.16299,1.16188,1.16261,2445,0,0
1779399000,1.16262,1.16271,1.16071,1.16113,2899,0,0
1779400800,1.16109,1.16207,1.16097,1.16198,1699,0,0
1779402600,1.16198,1.16241,1.16141,1.16211,1630,0,0
1779404400,1.1621,1.16226,1.16158,1.16183,672,3,0
1779406200,1.16184,1.16188,1.16159,1.16173,453,3,0
1779408000,1.16177,1.16224,1.1615,1.16206,451,4,0
1779409800,1.16206,1.16209,1.16172,1.16186,503,0,0
1779411600,1.16181,1.16214,1.1615,1.16166,262,0,0
1779413400,1.16166,1.16189,1.16165,1.16172,182,3,0
1779415200,1.16172,1.16184,1.16158,1.16171,194,3,0
1779417000,1.1616900000000001,1.1619,1.16165,1.16177,263,3,0
1779418800,1.16178,1.1618,1.16129,1.1614,931,1,0
1779420600,1.1614,1.16161,1.16123,1.16144,641,1,0
1779422400,1.16143,1.16157,1.16121,1.16139,770,2,0
1779424200,1.16139,1.16156,1.16098,1.16099,809,2,0
1779426000,1.16097,1.16119,1.16095,1.16113,540,2,0
1779427800,1.16114,1.1614200000000001,1.16099,1.16117,505,2,0
1779429600,1.16116,1.16129,1.16086,1.16102,502,2,0
1779431400,1.16102,1.16122,1.16102,1.16119,514,2,0
1779433200,1.1611799999999999,1.16149,1.16112,1.16135,429,2,0
1779435000,1.16135,1.16154,1.16129,1.1615199999999999,276,2,0
1779436800,1.16151,1.16167,1.1614200000000001,1.16145,457,2,0
1779438600,1.16145,1.1616900000000001,1.16071,1.16092,807,2,0
1779440400,1.16092,1.16145,1.16075,1.16122,1409,0,0
1779442200,1.16122,1.16124,1.16052,1.16098,1282,0,0
1779444000,1.16098,1.16098,1.16013,1.16084,1171,0,0
1779445800,1.16084,1.16094,1.16046,1.16083,1156,0,0
1779447600,1.16083,1.16157,1.16058,1.16112,1537,0,0
1779449400,1.16112,1.16122,1.16032,1.16078,1588,0,0
1779451200,1.16077,1.16079,1.1596,1.15993,1179,1,0
1779453000,1.15993,1.1605699999999999,1.15982,1.16041,1081,0,0
1779454800,1.16042,1.16078,1.16001,1.16002,822,0,0
1779456600,1.16002,1.16012,1.15951,1.15973,1172,2,0
1779458400,1.15973,1.15976,1.15933,1.15938,1083,0,0
1779460200,1.15939,1.16021,1.15933,1.15964,1410,0,0
1779462000,1.15964,1.1607,1.15944,1.15984,2772,0,0
1779463800,1.15984,1.16048,1.15977,1.16043,1295,1,0
1779465600,1.16041,1.16183,1.16038,1.1611,2573,0,0
1779467400,1.16111,1.16115,1.15993,1.16036,2434,0,0
1779469200,1.16036,1.16038,1.15881,1.15965,2802,0,0
1779471000,1.15965,1.16023,1.15947,1.15977,2251,0,0
1779472800,1.15976,1.16055,1.15957,1.16026,1897,0,0
1779474600,1.16026,1.16044,1.15981,1.16027,1745,0,0
1779476400,1.16027,1.16092,1.15994,1.16092,1615,0,0
1779478200,1.16092,1.16111,1.16054,1.16111,1146,1,0
1779480000,1.16111,1.16171,1.16086,1.16162,1820,0,0
1779481800,1.16163,1.16191,1.16106,1.16133,1797,0,0
1779483600,1.16133,1.16149,1.16093,1.16104,1092,0,0
1779485400,1.16104,1.16151,1.16093,1.16117,799,0,0
1779487200,1.16117,1.16138,1.1608,1.16082,1091,0,0
1779489000,1.16082,1.16088,1.16051,1.16059,800,0,0
1779490800,1.16058,1.16065,1.16033,1.16037,412,0,0
1779492600,1.16037,1.16038,1.15978,1.16032,732,0,0
1779667200,1.16373,1.16405,1.16355,1.16378,399,0,0
1779669000,1.16373,1.16374,1.16302,1.1633,348,6,0
1779670800,1.1633,1.16417,1.16309,1.16406,822,0,0
1779672600,1.16406,1.1644700000000001,1.16403,1.1643,554,2,0
1779674400,1.1643,1.16459,1.1643,1.1645,426,2,0
1779676200,1.1645,1.16454,1.16412,1.16416,600,1,0
1779678000,1.16417,1.16424,1.16379,1.16418,1073,0,0
1779679800,1.16418,1.16489,1.16352,1.16366,1238,0,0
1779681600,1.16366,1.1647,1.16354,1.16461,1443,0,0
1779683400,1.16461,1.16461,1.16383,1.1639,991,1,0
1779685200,1.16391,1.16425,1.16389,1.16416,683,2,0
1779687000,1.16416,1.16418,1.16366,1.16375,494,2,0
1779688800,1.16375,1.16395,1.1636,1.16372,783,2,0
1779690600,1.16373,1.16397,1.1635900000000001,1.16372,641,2,0
1779692400,1.16372,1.16377,1.16355,1.16369,521,2,0
1779694200,1.16369,1.16437,1.16369,1.1642000000000001,550,0,0
1779696000,1.1642000000000001,1.16452,1.1641,1.16432,653,2,0
1779697800,1.16432,1.1644700000000001,1.16379,1.16391,606,2,0
1779699600,1.1639,1.16412,1.16376,1.16388,883,2,0
1779701400,1.16388,1.1644700000000001,1.16374,1.16408,894,1,0
1779703200,1.1641,1.16419,1.16295,1.16337,1588,0,0
1779705000,1.16338,1.16381,1.16334,1.16374,1042,0,0
1779706800,1.16374,1.16407,1.1633,1.16403,848,0,0
1779708600,1.16403,1.16442,1.16401,1.16437,944,2,0
1779710400,1.16436,1.16452,1.16401,1.16422,551,0,0
1779712200,1.16422,1.1644700000000001,1.16404,1.16415,449,2,0
1779714000,1.16414,1.16442,1.16412,1.16418,607,2,0
1779715800,1.16418,1.16439,1.16413,1.16428,506,2,0
1779717600,1.16428,1.1644700000000001,1.16403,1.16444,544,2,0
1779719400,1.16444,1.16506,1.16434,1.16438,1115,0,0
1779721200,1.16438,1.16468,1.16426,1.1644,867,0,0
1779723000,1.1644,1.16527,1.1644,1.1648100000000001,970,0,0
1779724800,1.1648100000000001,1.16497,1.16438,1.1644,817,0,0
1779726600,1.1644,1.16444,1.16387,1.16387,825,1,0
1779728400,1.16387,1.16429,1.16383,1.16412,672,0,0
1779730200,1.16412,1.16463,1.16401,1.16419,813,0,0
1779732000,1.1642000000000001,1.16485,1.16395,1.16455,1222,0,0
1779733800,1.16455,1.16458,1.16419,1.1642000000000001,463,1,0
1779735600,1.16422,1.16426,1.16378,1.16382,568,0,0
1779737400,1.16382,1.16415,1.16366,1.1641,661,0,0
1779739200,1.1641,1.16441,1.16402,1.16437,329,2,0
1779741000,1.16437,1.16439,1.16416,1.16432,280,2,0
1779742800,1.16432,1.16438,1.1642000000000001,1.16424,303,2,0
1779744600,1.16424,1.16438,1.16414,1.16434,156,2,0
1779746400,1.16434,1.16435,1.1642000000000001,1.16429,154,2,0
1779748200,1.1643,1.16436,1.16417,1.1642000000000001,231,2,0
1779750000,1.16419,1.16432,1.16418,1.1643,197,3,0
1779751800,1.1643,1.16434,1.16413,1.16432,311,3,0
1779753600,1.16426,1.16427,1.16382,1.16403,530,16,0
1779755400,1.16403,1.16448,1.1635900000000001,1.16395,363,3,0
1779757200,1.16395,1.16427,1.16384,1.16398,477,3,0
1779759000,1.16398,1.16416,1.1639,1.16406,202,3,0
1779760800,1.16406,1.16431,1.16405,1.16408,281,3,0
1779762600,1.16408,1.16408,1.16355,1.16357,440,1,0
1779764400,1.16357,1.16397,1.16338,1.16355,1374,0,0
1779766200,1.16356,1.16394,1.16349,1.1638600000000001,864,0,0
1779768000,1.1638600000000001,1.16397,1.16349,1.16366,1014,2,0
1779769800,1.16366,1.16368,1.16302,1.16338,888,2,0
1779771600,1.16338,1.1635,1.16321,1.16329,570,2,0
1779773400,1.16329,1.16344,1.16311,1.16338,495,2,0
1779775200,1.16338,1.16372,1.16336,1.16345,424,2,0
1779777000,1.16345,1.1636,1.16341,1.16358,395,0,0
1779778800,1.16357,1.1635900000000001,1.1633,1.16331,256,2,0
1779780600,1.16331,1.16342,1.16292,1.16295,411,1,0
1779782400,1.16296,1.16302,1.16279,1.16295,518,1,0
1779784200,1.16295,1.16306,1.1627399999999999,1.16279,666,1,0
1779786000,1.16279,1.16355,1.16271,1.16327,1076,0,0
1779787800,1.16327,1.16374,1.1632500000000001,1.16351,1066,0,0
1779789600,1.16353,1.16363,1.1623999999999999,1.16339,1369,0,0
1779791400,1.16339,1.16403,1.16326,1.1637,1445,0,0
1779793200,1.1637,1.1642000000000001,1.1635,1.16392,1116,0,0
1779795000,1.16392,1.16412,1.16342,1.16363,1035,0,0
1779796800,1.16363,1.16422,1.16323,1.16417,1206,0,0
1779798600,1.16418,1.1644,1.16397,1.16426,860,0,0
1779800400,1.16426,1.16436,1.16397,1.16428,825,0,0
1779802200,1.16428,1.16451,1.16376,1.16413,1317,0,0
1779804000,1.16415,1.1644700000000001,1.16397,1.164,904,0,0
1779805800,1.16401,1.1642000000000001,1.16334,1.16346,1234,0,0
1779807600,1.16346,1.1636,1.1631,1.16351,1273,0,0
1779809400,1.16351,1.16366,1.16315,1.16319,1127,0,0
1779811200,1.16319,1.1633,1.16265,1.16267,1434,1,0
1779813000,1.16267,1.16312,1.16172,1.16255,2430,0,0
1779814800,1.16256,1.1629800000000001,1.16212,1.16244,1834,1,0
1779816600,1.16241,1.16289,1.16227,1.16249,2048,0,0
1779818400,1.16249,1.16257,1.16174,1.16207,1882,0,0
1779820200,1.16207,1.16222,1.16162,1.16193,1743,0,0
1779822000,1.16193,1.16288,1.16193,1.16271,981,1,0
1779823800,1.16271,1.16295,1.16224,1.16238,942,0,0
1779825600,1.16238,1.16276,1.16228,1.16239,876,0,0
1779827400,1.16239,1.1626,1.1621299999999999,1.16239,692,0,0
1779829200,1.1623999999999999,1.16273,1.16233,1.16269,581,1,0
1779831000,1.16269,1.16309,1.16263,1.16294,627,1,0
1779832800,1.16294,1.16304,1.16273,1.16293,645,1,0
1779834600,1.16293,1.1632500000000001,1.16293,1.16319,570,0,0
1779836400,1.16319,1.16327,1.16302,1.16302,324,2,0
1779838200,1.16302,1.16319,1.16302,1.16319,353,3,0
1779840000,1.16275,1.16307,1.16235,1.16305,524,3,0
1779841800,1.16305,1.16313,1.1629,1.1631,1283,8,0
1779843600,1.1631,1.1633,1.16306,1.16322,463,0,0
1779845400,1.16322,1.16332,1.16317,1.16331,161,3,0
1779847200,1.16331,1.16368,1.16329,1.16367,176,2,0
1779849000,1.16367,1.1639599999999999,1.1636,1.16363,247,3,0
1779850800,1.16363,1.16403,1.1635900000000001,1.16392,782,1,0
1779852600,1.16393,1.16404,1.16375,1.16379,835,1,0
1779854400,1.16379,1.16393,1.16367,1.1637,653,1,0
1779856200,1.1637,1.1637,1.16326,1.16339,892,2,0
1779858000,1.16338,1.16382,1.16338,1.16347,774,1,0
1779859800,1.16347,1.16384,1.16339,1.16383,582,0,0
1779861600,1.16383,1.16424,1.16377,1.1639,495,2,0
1779863400,1.1639,1.1639599999999999,1.16367,1.16387,369,2,0
1779865200,1.16387,1.16408,1.16382,1.16395,322,1,0
1779867000,1.16395,1.1642299999999999,1.16392,1.16412,429,1,0
1779868800,1.16412,1.16444,1.16407,1.16438,640,1,0
1779870600,1.16438,1.16442,1.1638600000000001,1.16395,880,0,0
1779872400,1.16395,1.16413,1.16372,1.16401,1237,0,0
1779874200,1.16401,1.16492,1.1638600000000001,1.16454,1466,1,0
1779876000,1.16456,1.16488,1.16421,1.16453,1574,0,0
1779877800,1.16452,1.16478,1.164,1.16405,1186,0,0
1779879600,1.16407,1.16471,1.16381,1.16471,1477,2,0
1779881400,1.1647,1.16471,1.16429,1.16449,967,2,0
1779883200,1.16449,1.16469,1.16424,1.16452,1206,0,0
1779885000,1.16452,1.16485,1.16434,1.16446,715,1,0
1779886800,1.16446,1.16446,1.16364,1.16375,890,0,0
1779888600,1.16375,1.16405,1.1635900000000001,1.16391,1161,0,0
1779890400,1.16391,1.16418,1.1636199999999999,1.16378,1253,0,0
1779892200,1.16378,1.16397,1.16328,1.16376,1467,0,0
1779894000,1.16376,1.166,1.16344,1.16561,3967,0,0
1779895800,1.16561,1.16614,1.16417,1.16437,3396,0,0
1779897600,1.16437,1.16479,1.16397,1.16411,2655,0,0
1779899400,1.1641,1.16462,1.16377,1.16413,3057,0,0
1779901200,1.16413,1.16522,1.16365,1.16488,2662,0,0
1779903000,1.16486,1.16517,1.16249,1.16254,3684,0,0
1779904800,1.16255,1.16344,1.16224,1.16338,2583,0,0
1779906600,1.16339,1.16363,1.16262,1.16302,1919,0,0
1779908400,1.16302,1.1632,1.16241,1.16284,1515,0,0
1779910200,1.16284,1.16327,1.16275,1.16322,993,0,0
1779912000,1.16322,1.16329,1.16221,1.16235,1382,0,0
1779913800,1.16235,1.16285,1.16222,1.16273,843,2,0
1779915600,1.16271,1.16273,1.16225,1.16245,821,2,0
1779917400,1.16245,1.16302,1.16238,1.16293,773,1,0
1779919200,1.16293,1.16319,1.16283,1.16308,632,1,0
1779921000,1.16308,1.16316,1.16267,1.16288,697,0,0
1779922800,1.16287,1.16305,1.16276,1.16278,468,3,0
1779924600,1.16278,1.16289,1.16253,1.16255,523,3,0
1779926400,1.16285,1.16299,1.1626,1.16287,197,11,0
1779928200,1.16287,1.16299,1.16253,1.16284,772,3,0
1779930000,1.16284,1.16302,1.16269,1.16279,294,3,0
1779931800,1.16279,1.16292,1.16258,1.16259,258,3,0
1779933600,1.16259,1.16285,1.16214,1.16215,372,1,0
1779935400,1.16216,1.16225,1.16159,1.16173,505,0,0
1779937200,1.16173,1.16233,1.16165,1.16231,1017,0,0
1779939000,1.16231,1.16234,1.16167,1.16205,798,1,0
1779940800,1.16205,1.16211,1.16178,1.16184,867,1,0
1779942600,1.16185,1.16196,1.16092,1.16098,852,0,0
1779944400,1.16099,1.16141,1.16094,1.16135,737,2,0
1779946200,1.16135,1.16151,1.16103,1.16125,681,2,0
1779948000,1.16126,1.16137,1.16009,1.16011,1127,0,0
1779949800,1.16011,1.16011,1.15871,1.15871,1771,0,0
1779951600,1.15871,1.15917,1.15862,1.15881,1334,0,0
1779953400,1.15881,1.15927,1.15879,1.15918,799,1,0
1779955200,1.15918,1.15949,1.1589,1.15943,1092,0,0
1779957000,1.15943,1.1602000000000001,1.15942,1.1599,1256,1,0
1779958800,1.15991,1.16092,1.15985,1.16069,1531,1,0
1779960600,1.16069,1.16121,1.16054,1.16101,1180,2,0
1779962400,1.16101,1.16176,1.16101,1.16124,1549,0,0
1779964200,1.16124,1.16138,1.161,1.16116,1260,0,0
1779966000,1.16116,1.16159,1.16065,1.16094,1359,1,0
1779967800,1.16095,1.16168,1.16089,1.16156,1061,0,0
1779969600,1.16156,1.16191,1.16144,1.16178,987,1,0
1779971400,1.16178,1.16184,1.16129,1.1613,993,1,0
1779973200,1.16129,1.16155,1.16089,1.16145,1066,0,0
1779975000,1.16145,1.16146,1.16036,1.16036,1336,0,0
1779976800,1.16035,1.16111,1.16033,1.1610800000000001,1036,0,0
1779978600,1.1610800000000001,1.16227,1.1608,1.1616900000000001,1334,0,0
1779980400,1.1616900000000001,1.16256,1.16156,1.1623999999999999,1416,0,0
1779982200,1.1623999999999999,1.16381,1.16237,1.16364,2611,0,0
1779984000,1.16364,1.16431,1.16326,1.16328,1983,0,0
1779985800,1.16329,1.16385,1.1629,1.16305,2280,0,0
1779987600,1.16305,1.16578,1.16268,1.16541,4630,0,0
1779989400,1.16541,1.16568,1.16429,1.16475,4130,0,0
1779991200,1.16478,1.16552,1.16475,1.1653,2548,0,0
1779993000,1.1653,1.16568,1.16477,1.1648,1743,0,0
1779994800,1.1648,1.16611,1.16454,1.16572,1853,0,0
1779996600,1.16571,1.16595,1.16535,1.16567,1524,0,0
1779998400,1.16567,1.16573,1.1650800000000001,1.16509,1076,1,0
1780000200,1.16509,1.16543,1.1650800000000001,1.16533,902,1,0
1780002000,1.16533,1.16553,1.1648399999999999,1.16489,1651,0,0
1780003800,1.16489,1.16501,1.16465,1.16478,973,1,0
1780005600,1.16478,1.1649,1.16463,1.16488,891,1,0
1780007400,1.16489,1.16515,1.16468,1.16477,998,1,0
1780009200,1.16475,1.16477,1.1644700000000001,1.16465,563,3,0
1780011000,1.16465,1.16496,1.16464,1.16494,425,3,0
1780012800,1.16509,1.16522,1.1649,1.16506,221,7,0
1780014600,1.16506,1.16516,1.16504,1.16513,504,3,0
1780016400,1.16513,1.16519,1.16502,1.16514,281,2,0
1780018200,1.16514,1.16515,1.16498,1.16499,264,3,0
1780020000,1.16499,1.16528,1.16499,1.16514,284,3,0
1780021800,1.16513,1.1653,1.16505,1.16523,283,2,0
1780023600,1.16523,1.16556,1.1652,1.16538,801,2,0
1780025400,1.16538,1.16538,1.16473,1.16487,774,1,0
1780027200,1.16487,1.16564,1.16478,1.16539,1017,1,0
1780029000,1.16539,1.16539,1.16433,1.16445,1017,0,0
1780030800,1.16445,1.16477,1.16435,1.16464,815,0,0
1780032600,1.16464,1.16493,1.1644700000000001,1.16448,528,2,0
1780034400,1.16448,1.1645,1.16397,1.1641,716,0,0
1780036200,1.1641,1.16412,1.1635900000000001,1.16372,718,2,0
1780038000,1.16371,1.16391,1.16353,1.16356,655,2,0
1780039800,1.16356,1.16392,1.16341,1.1639,520,0,0
1780041600,1.1639,1.16436,1.16381,1.16415,626,0,0
1780043400,1.16414,1.16428,1.16395,1.16421,559,1,0
1780045200,1.16419,1.16478,1.16419,1.16454,1290,1,0
1780047000,1.16454,1.16543,1.16449,1.16534,1352,0,0
1780048800,1.16534,1.16534,1.16414,1.16434,1554,0,0
1780050600,1.16435,1.16446,1.16377,1.1642000000000001,1404,0,0
1780052400,1.1642000000000001,1.1642000000000001,1.16337,1.16388,1862,0,0
1780054200,1.16388,1.1639599999999999,1.16249,1.16282,1452,0,0
1780056000,1.16282,1.16385,1.16266,1.16365,1632,1,0
1780057800,1.16365,1.16428,1.1633,1.16415,1205,0,0
1780059600,1.16416,1.16451,1.16378,1.16425,1046,0,0
1780061400,1.16425,1.16443,1.16407,1.1643,1042,0,0
1780063200,1.16429,1.16448,1.16398,1.16433,1236,0,0
1780065000,1.16433,1.16482,1.16405,1.16474,1345,0,0
1780066800,1.16477,1.16486,1.16428,1.16464,1213,0,0
1780068600,1.16464,1.16489,1.16414,1.16488,1459,0,0
1780070400,1.16488,1.16531,1.16464,1.16498,1666,0,0
1780072200,1.16498,1.16521,1.16448,1.16473,1866,0,0
1780074000,1.16475,1.16509,1.16417,1.16459,2122,0,0
1780075800,1.16459,1.16744,1.16403,1.16685,4296,0,0
1780077600,1.16685,1.16818,1.16672,1.16751,3421,0,0
1780079400,1.16751,1.16858,1.16742,1.16779,2950,0,0
1780081200,1.1678,1.16791,1.16677,1.16697,1470,0,0
1780083000,1.16697,1.16746,1.16666,1.16721,1617,0,0
1780084800,1.1672,1.16734,1.16658,1.16677,1172,0,0
1780086600,1.16678,1.16681,1.1662,1.16622,1132,2,0
1780088400,1.16621,1.16659,1.16615,1.16645,1105,0,0
1780090200,1.16645,1.16686,1.16604,1.16641,1232,0,0
1780092000,1.16641,1.16694,1.1663999999999999,1.16679,828,0,0
1780093800,1.1668,1.16687,1.16637,1.16646,1152,0,0
1780095600,1.16645,1.16648,1.16606,1.16612,643,3,0
1780097400,1.16612,1.16623,1.16584,1.16606,931,0,0
1780272000,1.1652,1.16567,1.16516,1.16553,367,8,0
1780273800,1.16552,1.16604,1.16549,1.16599,440,4,0
1780275600,1.16599,1.16599,1.16513,1.16535,783,0,0
1780277400,1.16535,1.1655,1.16522,1.1654200000000001,1063,0,0
1780279200,1.16543,1.16556,1.16533,1.16554,781,3,0
1780281000,1.16554,1.16557,1.16483,1.1648399999999999,1314,0,0
1780282800,1.16485,1.16535,1.16455,1.16476,1532,0,0
1780284600,1.16476,1.16485,1.16449,1.16477,1013,1,0
1780286400,1.16477,1.16482,1.16436,1.16439,940,0,0
1780288200,1.16439,1.16454,1.16419,1.1644700000000001,776,2,0
1780290000,1.1644700000000001,1.16454,1.16437,1.16446,451,2,0
1780291800,1.16446,1.16468,1.16435,1.16463,564,2,0
1780293600,1.16463,1.1649,1.16433,1.16475,739,0,0
1780295400,1.16475,1.16486,1.16415,1.16438,526,1,0
1780297200,1.16438,1.16473,1.16434,1.16472,397,2,0
1780299000,1.16473,1.1648399999999999,1.16461,1.1648,466,2,0
1780300800,1.1648,1.16523,1.16479,1.16513,598,0,0
1780302600,1.16513,1.16532,1.16503,1.16513,630,2,0
1780304400,1.16515,1.1656,1.165,1.16513,1382,1,0
1780306200,1.16513,1.16647,1.1650800000000001,1.16645,1764,0,0
1780308000,1.16643,1.16647,1.16556,1.16584,1590,0,0
1780309800,1.16583,1.1659,1.16517,1.16565,982,0,0
1780311600,1.16565,1.16601,1.16548,1.16587,1089,0,0
1780313400,1.16588,1.166,1.16533,1.16578,1022,0,0
1780315200,1.1657899999999999,1.16605,1.16482,1.16497,1115,0,0
1780317000,1.16497,1.16514,1.16485,1.16507,1040,1,0
1780318800,1.1650800000000001,1.1651,1.16472,1.1648399999999999,847,1,0
1780320600,1.16485,1.16503,1.1646,1.16474,755,0,0
1780322400,1.16474,1.16479,1.16416,1.1646,955,0,0
1780324200,1.1646,1.16482,1.16429,1.16458,711,0,0
1780326000,1.16458,1.16501,1.16454,1.16498,1204,0,0
1780327800,1.16498,1.16504,1.1645,1.16473,1778,0,0
1780329600,1.16473,1.16482,1.16254,1.16272,4287,0,0
1780331400,1.16273,1.16294,1.16099,1.161,3782,0,0
1780333200,1.16089,1.16181,1.16068,1.1614200000000001,3637,0,0
1780335000,1.1614200000000001,1.16183,1.16109,1.16175,2542,1,0
1780336800,1.16175,1.16227,1.1615199999999999,1.16216,2445,0,0
1780338600,1.16216,1.16286,1.16215,1.1623,2188,0,0
1780340400,1.1623,1.16259,1.16164,1.1621299999999999,1212,0,0
1780342200,1.1621299999999999,1.16304,1.16207,1.16297,1557,0,0
1780344000,1.16297,1.16319,1.1625,1.16319,1324,0,0
1780345800,1.16319,1.16377,1.16296,1.16346,1783,0,0
1780347600,1.16346,1.16352,1.16328,1.1633,636,2,0
1780349400,1.16331,1.16347,1.16305,1.16307,577,2,0
1780351200,1.16307,1.16337,1.16295,1.1632,538,0,0
1780353000,1.1632,1.16334,1.16265,1.16316,1068,2,0
1780354800,1.16315,1.16336,1.16304,1.16315,304,3,0
1780356600,1.16315,1.1633,1.16309,1.16313,439,3,0
1780358400,1.16308,1.16348,1.1628,1.16343,228,9,0
1780360200,1.16343,1.16358,1.16331,1.16344,242,3,0
1780362000,1.16342,1.16347,1.16323,1.1633,282,3,0
1780363800,1.1633,1.1634,1.16329,1.16338,189,1,0
1780365600,1.16338,1.16356,1.16338,1.16346,179,3,0
1780367400,1.16346,1.1636,1.16327,1.16352,302,2,0
1780369200,1.16353,1.16354,1.1629800000000001,1.16331,739,1,0
1780371000,1.1633,1.16347,1.16292,1.16313,689,1,0
1780372800,1.16313,1.16368,1.16312,1.1633499999999999,802,1,0
1780374600,1.1633499999999999,1.16352,1.16284,1.16305,713,0,0
1780376400,1.16305,1.16341,1.16302,1.16337,563,2,0
1780378200,1.16337,1.16345,1.16302,1.16309,322,2,0
1780380000,1.16309,1.16336,1.16307,1.1633,507,2,0
1780381800,1.1633,1.16351,1.16326,1.16341,385,2,0
1780383600,1.16341,1.16364,1.1634,1.16358,358,2,0
1780385400,1.16358,1.16387,1.16358,1.16377,416,2,0
1780387200,1.16378,1.1639599999999999,1.16368,1.16375,502,2,0
1780389000,1.16375,1.1638600000000001,1.1636199999999999,1.1637,398,2,0
1780390800,1.1637,1.16502,1.1637,1.16489,1216,0,0
1780392600,1.16489,1.16522,1.16479,1.16504,1292,1,0
1780394400,1.16504,1.16507,1.1644700000000001,1.16467,1179,0,0
1780396200,1.16467,1.16493,1.1645699999999999,1.16486,1096,2,0
1780398000,1.16485,1.16525,1.16448,1.16462,1101,0,0
1780399800,1.16462,1.16476,1.16419,1.16435,814,2,0
1780401600,1.16435,1.16438,1.16401,1.16433,1061,0,0
1780403400,1.16433,1.16448,1.1641,1.16431,898,0,0
1780405200,1.16431,1.16454,1.16383,1.16426,846,1,0
1780407000,1.16426,1.1646,1.16416,1.16436,764,2,0
1780408800,1.16436,1.16467,1.16435,1.16467,876,2,0
1780410600,1.16467,1.16527,1.16462,1.16493,802,1,0
1780412400,1.16493,1.16539,1.16473,1.16522,1084,0,0
1780414200,1.16522,1.16556,1.16492,1.16503,1361,0,0
1780416000,1.16503,1.16523,1.16455,1.16455,1728,0,0
1780417800,1.16456,1.1648,1.16394,1.16432,1772,0,0
1780419600,1.16432,1.16437,1.16361,1.16397,1999,0,0
1780421400,1.1639599999999999,1.16499,1.16393,1.16435,1832,0,0
1780423200,1.16434,1.1645,1.16355,1.16368,1657,0,0
1780425000,1.16368,1.16416,1.16363,1.16404,1206,0,0
1780426800,1.16404,1.1641,1.16303,1.16306,1000,0,0
1780428600,1.16306,1.16315,1.16268,1.16283,740,0,0
1780430400,1.16283,1.16297,1.16231,1.16242,967,0,0
1780432200,1.16242,1.16251,1.16201,1.16214,504,1,0
1780434000,1.16214,1.16226,1.16134,1.16205,941,0,0
1780435800,1.16205,1.16299,1.16205,1.16284,909,0,0
1780437600,1.16284,1.1633,1.16284,1.16317,589,0,0
1780439400,1.16317,1.1632500000000001,1.16306,1.16322,646,1,0
1780441200,1.16321,1.16346,1.16313,1.16317,372,3,0
1780443000,1.16317,1.16323,1.1629800000000001,1.16309,556,3,0
1780444800,1.16314,1.16317,1.16289,1.16305,1524,7,0
1780446600,1.16305,1.16324,1.16279,1.16288,329,5,0
1780448400,1.16292,1.16299,1.16268,1.16285,351,0,0
1780450200,1.16285,1.16291,1.16263,1.16265,369,3,0
1780452000,1.16265,1.16273,1.1622,1.16228,694,3,0
1780453800,1.16228,1.16234,1.16196,1.1621,625,0,0
1780455600,1.1621,1.16273,1.1620300000000001,1.16271,972,2,0
1780457400,1.16271,1.16306,1.16268,1.16286,654,2,0
1780459200,1.16287,1.16309,1.16261,1.16305,1003,1,0
1780461000,1.16305,1.16333,1.16275,1.16294,800,2,0
1780462800,1.16294,1.16319,1.16283,1.16285,493,2,0
1780464600,1.16285,1.16295,1.16248,1.16281,791,2,0
1780466400,1.1628,1.16295,1.16269,1.16269,640,2,0
1780468200,1.16269,1.16294,1.16262,1.1627399999999999,566,2,0
1780470000,1.1627399999999999,1.1628,1.16247,1.16247,346,2,0
1780471800,1.16247,1.16259,1.16243,1.16255,448,2,0
1780473600,1.16255,1.1627,1.16217,1.16222,546,2,0
1780475400,1.16222,1.1623999999999999,1.16185,1.16186,814,1,0
1780477200,1.16186,1.16224,1.16122,1.16159,1564,0,0
1780479000,1.16159,1.16186,1.16131,1.16163,1342,0,0
1780480800,1.16162,1.16207,1.16131,1.16138,1314,0,0
1780482600,1.16137,1.16244,1.16128,1.16161,2024,0,0
1780484400,1.16161,1.16165,1.1610800000000001,1.16128,1600,0,0
1780486200,1.16128,1.16154,1.16068,1.16094,2748,0,0
1780488000,1.16094,1.16159,1.16092,1.16131,1599,0,0
1780489800,1.16131,1.16156,1.16097,1.16134,1203,0,0
1780491600,1.16134,1.16229,1.16127,1.16154,1834,0,0
1780493400,1.16154,1.16177,1.16147,1.16159,811,0,0
1780495200,1.16159,1.16202,1.16153,1.162,938,0,0
1780497000,1.162,1.16225,1.16161,1.16178,1061,1,0
1780498800,1.16178,1.16185,1.16068,1.16069,1318,0,0
1780500600,1.16069,1.16069,1.15966,1.16005,1692,0,0
1780502400,1.16004,1.1604700000000001,1.15973,1.1604,1745,0,0
1780504200,1.1604,1.16062,1.15987,1.16027,2555,0,0
1780506000,1.16027,1.16086,1.1599599999999999,1.16037,2857,0,0
1780507800,1.16037,1.16122,1.15947,1.16121,3115,0,0
1780509600,1.16121,1.16129,1.16024,1.16074,2700,0,0
1780511400,1.16074,1.16103,1.1604,1.1604700000000001,1817,0,0
1780513200,1.16049,1.16049,1.15957,1.15994,1766,2,0
1780515000,1.15994,1.16017,1.15951,1.16,1452,0,0
1780516800,1.16,1.16035,1.1597,1.15973,958,0,0
1780518600,1.15973,1.15997,1.15968,1.15984,648,2,0
1780520400,1.15984,1.15993,1.15952,1.15977,673,0,0
1780522200,1.15977,1.15998,1.15954,1.15983,802,2,0
1780524000,1.15983,1.16009,1.15971,1.15973,841,2,0
1780525800,1.15973,1.15991,1.15972,1.1598,732,2,0
1780527600,1.1598,1.16003,1.1596899999999999,1.15993,472,2,0
1780529400,1.15994,1.16,1.15975,1.15978,452,0,0
1780531200,1.1597,1.15999,1.15968,1.15991,193,10,0
1780533000,1.15994,1.16009,1.15967,1.15975,542,3,0
1780534800,1.15975,1.1599,1.15945,1.15967,363,1,0
1780536600,1.15967,1.16123,1.15966,1.16058,791,0,0
1780538400,1.16058,1.16084,1.16013,1.16051,596,0,0
1780540200,1.16051,1.16106,1.1604700000000001,1.16088,566,0,0
1780542000,1.16089,1.16126,1.16054,1.16094,1265,0,0
1780543800,1.16094,1.16119,1.16058,1.16066,915,2,0
1780545600,1.16067,1.16085,1.16039,1.16077,1170,2,0
1780547400,1.16077,1.16101,1.16071,1.16095,862,2,0
1780549200,1.16095,1.16103,1.16062,1.16076,857,1,0
1780551000,1.16077,1.16111,1.16077,1.161,598,2,0
1780552800,1.161,1.161,1.16025,1.16034,570,0,0
1780554600,1.16034,1.16061,1.16027,1.1606,408,2,0
1780556400,1.1606,1.16061,1.16038,1.16059,430,2,0
1780558200,1.16059,1.16129,1.16059,1.16096,871,0,0
1780560000,1.16096,1.16104,1.16054,1.16056,700,2,0
1780561800,1.16056,1.16104,1.16052,1.16097,671,2,0
1780563600,1.16097,1.16127,1.1607,1.16104,1185,1,0
1780565400,1.16104,1.16149,1.16079,1.16106,1504,0,0
1780567200,1.16105,1.16126,1.16037,1.16062,1533,1,0
1780569000,1.16062,1.16071,1.15984,1.16039,1431,2,0
1780570800,1.16038,1.1610800000000001,1.16035,1.16103,1514,1,0
1780572600,1.16104,1.1614,1.16066,1.16131,1236,0,0
1780574400,1.16131,1.16224,1.16131,1.16205,1559,0,0
1780576200,1.16205,1.16282,1.16192,1.16257,1468,0,0
1780578000,1.16254,1.16305,1.16252,1.16287,1211,0,0
1780579800,1.16287,1.16341,1.16276,1.16303,1400,0,0
1780581600,1.16304,1.16434,1.16302,1.16406,1863,0,0
1780583400,1.16406,1.16453,1.16369,1.16417,1832,0,0
1780585200,1.16417,1.1645,1.16344,1.16382,2029,0,0
1780587000,1.16382,1.16433,1.16368,1.16368,1871,2,0
1780588800,1.16368,1.16398,1.16339,1.16364,1570,0,0
1780590600,1.16365,1.16397,1.16347,1.1635900000000001,2221,0,0
1780592400,1.1635900000000001,1.16398,1.16313,1.16315,1836,0,0
1780594200,1.16315,1.16332,1.1629,1.16305,1511,0,0
1780596000,1.16305,1.16315,1.16223,1.16235,1708,0,0
1780597800,1.16235,1.16299,1.16224,1.16282,1446,2,0
1780599600,1.16282,1.16295,1.16263,1.1628,820,2,0
1780601400,1.1628,1.16288,1.16231,1.16233,725,1,0
1780603200,1.16233,1.1623999999999999,1.16198,1.16201,587,0,0
1780605000,1.16201,1.16219,1.16194,1.16207,544,2,0
1780606800,1.16207,1.16224,1.16165,1.16165,528,0,0
1780608600,1.16165,1.1617899999999999,1.16132,1.16149,707,0,0
1780610400,1.16149,1.1616,1.16112,1.16123,650,2,0
1780612200,1.16123,1.1613,1.16104,1.16124,592,0,0
1780614000,1.16124,1.16133,1.16085,1.1609,381,2,0
1780615800,1.1609,1.16119,1.16079,1.16102,418,3,0
1780617600,1.1609099999999999,1.16149,1.1609099999999999,1.1614200000000001,338,5,0
1780619400,1.1614200000000001,1.16156,1.1610800000000001,1.16132,498,3,0
1780621200,1.16132,1.16135,1.16117,1.16127,270,3,0
1780623000,1.16126,1.16129,1.16107,1.16119,191,3,0
1780624800,1.16119,1.16136,1.1611799999999999,1.16128,242,3,0
1780626600,1.16129,1.16133,1.1611799999999999,1.16122,262,3,0
1780628400,1.16123,1.16141,1.16109,1.16129,1002,0,0
1780630200,1.16129,1.16136,1.16109,1.16127,790,2,0
1780632000,1.16127,1.16139,1.16097,1.16116,1251,2,0
1780633800,1.16116,1.16149,1.16111,1.16135,1047,2,0
1780635600,1.16135,1.16166,1.16124,1.1616,667,0,0
1780637400,1.1616,1.1616,1.16134,1.16139,582,2,0
1780639200,1.16139,1.16156,1.16136,1.16145,613,2,0
1780641000,1.16145,1.1615,1.16136,1.16148,433,2,0
1780642800,1.16148,1.16165,1.16137,1.16137,592,2,0
1780644600,1.16137,1.1617,1.16137,1.16159,508,2,0
1780646400,1.16159,1.16164,1.16148,1.16159,461,2,0
1780648200,1.16159,1.16193,1.16153,1.16155,581,0,0
1780650000,1.16155,1.1617899999999999,1.16128,1.16178,1108,2,0
1780651800,1.16178,1.16227,1.16173,1.16222,1133,0,0
1780653600,1.16221,1.1630099999999999,1.16217,1.1629800000000001,1823,0,0
1780655400,1.1629800000000001,1.16371,1.1628,1.16319,1661,0,0
1780657200,1.16319,1.16398,1.16317,1.16378,1791,0,0
1780659000,1.16378,1.1639599999999999,1.1635900000000001,1.16365,1404,1,0
1780660800,1.16365,1.16443,1.1633499999999999,1.16391,1824,0,0
1780662600,1.16391,1.16403,1.16363,1.16387,1091,2,0
1780664400,1.16385,1.16424,1.16373,1.16421,951,1,0
1780666200,1.16421,1.16442,1.16378,1.16403,1218,0,0
1780668000,1.16403,1.16405,1.16343,1.16389,1481,0,0
1780669800,1.16388,1.16419,1.16332,1.16415,1447,0,0
1780671600,1.16415,1.16428,1.16345,1.16345,1999,0,0
1780673400,1.16345,1.16352,1.15862,1.15865,5589,0,0
1780675200,1.15865,1.15997,1.15838,1.15846,5330,0,0
1780677000,1.15846,1.15866,1.15714,1.15719,4593,0,0
1780678800,1.15719,1.15805,1.1553499999999999,1.15558,4680,0,0
1780680600,1.15558,1.15618,1.15481,1.1559,3723,0,0
1780682400,1.15589,1.156,1.15424,1.1546,3840,0,0
1780684200,1.1546,1.1548,1.15303,1.15322,2895,0,0
1780686000,1.15322,1.1532499999999999,1.15222,1.15263,3372,0,0
1780687800,1.1526399999999999,1.1533,1.15215,1.15322,2202,0,0
1780689600,1.15322,1.1533,1.15255,1.15268,2033,0,0
1780691400,1.1527,1.15275,1.15181,1.15242,1956,1,0
1780693200,1.15243,1.15259,1.1519,1.15224,2000,0,0
1780695000,1.15224,1.15289,1.15207,1.15229,1741,0,0
1780696800,1.15229,1.15235,1.15177,1.15218,1521,0,0
1780698600,1.15218,1.15273,1.1519300000000001,1.15251,1480,0,0
1780700400,1.1525,1.15252,1.1516899999999999,1.15234,815,3,0
1780702200,1.15235,1.15261,1.15186,1.15199,997,3,0
1780876800,1.15085,1.15136,1.15009,1.1513200000000001,400,20,0
1780878600,1.1513200000000001,1.15139,1.15072,1.15092,455,12,0
1780880400,1.15092,1.15186,1.15087,1.15134,1542,0,0
1780882200,1.15134,1.15165,1.15099,1.1513,883,0,0
1780884000,1.1513,1.15201,1.1513,1.15181,751,0,0
1780885800,1.15181,1.15227,1.15174,1.15218,598,2,0
1780887600,1.15218,1.15246,1.15208,1.15225,881,0,0
1780889400,1.15226,1.15335,1.15224,1.15328,1366,0,0
1780891200,1.1533,1.15347,1.15176,1.15194,2795,0,0
1780893000,1.15194,1.1527,1.15114,1.1526399999999999,2825,0,0
1780894800,1.1526399999999999,1.153,1.152,1.1529,1621,0,0
1780896600,1.1529,1.1531500000000001,1.15259,1.15285,1437,0,0
1780898400,1.15285,1.1529099999999999,1.15255,1.15271,982,2,0
1780900200,1.15271,1.15324,1.15271,1.15323,996,2,0
1780902000,1.15322,1.15334,1.15289,1.15333,775,2,0
1780903800,1.15333,1.15339,1.1529099999999999,1.15304,1007,0,0
1780905600,1.15304,1.15398,1.15304,1.15343,1647,1,0
1780907400,1.15343,1.15347,1.15171,1.15192,2397,0,0
1780909200,1.15192,1.15249,1.15154,1.15235,2709,0,0
1780911000,1.15235,1.15235,1.15121,1.15152,2181,0,0
1780912800,1.15152,1.15268,1.15133,1.15233,2907,0,0
1780914600,1.15233,1.1526399999999999,1.15156,1.15165,2382,0,0
1780916400,1.15165,1.15233,1.15136,1.15199,2472,0,0
1780918200,1.15199,1.15209,1.1507100000000001,1.15082,2518,0,0
1780920000,1.15082,1.15112,1.15008,1.15017,2405,0,0
1780921800,1.1502,1.15144,1.14991,1.15125,2871,0,0
1780923600,1.15125,1.15202,1.15093,1.15174,2279,0,0
1780925400,1.15174,1.15318,1.1515,1.15244,2664,0,0
1780927200,1.15244,1.15421,1.15227,1.15404,3874,0,0
1780929000,1.15404,1.15438,1.15327,1.15364,2988,0,0
1780930800,1.15364,1.15434,1.15358,1.15391,3159,0,0
1780932600,1.15391,1.15436,1.15346,1.1542,2670,0,0
1780934400,1.1542,1.15547,1.15404,1.15494,3543,0,0
1780936200,1.15494,1.15524,1.1541299999999999,1.1541299999999999,4297,0,0
1780938000,1.1541299999999999,1.15445,1.15309,1.15364,3272,0,0
1780939800,1.15364,1.15427,1.15318,1.15424,3295,0,0
1780941600,1.15424,1.15478,1.15392,1.15393,2928,0,0
1780943400,1.15393,1.15469,1.15356,1.15441,2404,0,0
1780945200,1.15441,1.1546,1.15407,1.1541,1764,0,0
1780947000,1.1541,1.15436,1.15382,1.15388,1523,0,0
1780948800,1.15388,1.15415,1.15372,1.15394,2025,0,0
1780950600,1.15394,1.15407,1.15351,1.15379,1517,0,0
1780952400,1.15379,1.1542,1.15379,1.15406,1169,2,0
1780954200,1.15406,1.15417,1.15276,1.15283,1681,1,0
1780956000,1.15283,1.15336,1.1528100000000001,1.1532,1446,2,0
1780957800,1.1532,1.1534200000000001,1.15288,1.15307,1834,1,0
1780959600,1.15306,1.15335,1.15296,1.1532499999999999,646,0,0
1780961400,1.15326,1.15327,1.15308,1.15322,483,3,0
1780963200,1.1534,1.15397,1.15321,1.15337,374,8,0
1780965000,1.15337,1.15381,1.15337,1.15366,319,3,0
1780966800,1.15366,1.15366,1.15319,1.15331,544,3,0
1780968600,1.15329,1.15339,1.15321,1.15334,308,3,0
1780970400,1.15334,1.1534,1.15298,1.15307,336,3,0
1780972200,1.15307,1.1531,1.15274,1.15278,580,2,0
1780974000,1.15278,1.15301,1.15257,1.15288,1487,2,0
1780975800,1.15288,1.15316,1.15266,1.15313,1150,2,0
1780977600,1.15313,1.15366,1.15304,1.15355,1395,2,0
1780979400,1.15355,1.15396,1.15346,1.15396,1388,2,0
1780981200,1.15396,1.1540300000000001,1.15356,1.15389,1099,2,0
1780983000,1.15389,1.15396,1.15368,1.15375,924,2,0
1780984800,1.15375,1.15399,1.15336,1.15366,880,1,0
1780986600,1.15366,1.15381,1.15347,1.15371,835,1,0
1780988400,1.15379,1.15418,1.15361,1.15417,873,2,0
1780990200,1.15417,1.15481,1.15394,1.15454,1113,1,0
1780992000,1.15453,1.15459,1.15389,1.15417,1299,0,0
1780993800,1.15417,1.15475,1.15412,1.1544699999999999,2111,0,0
1780995600,1.1544699999999999,1.15534,1.15425,1.15497,2132,0,0
1780997400,1.15497,1.15497,1.15428,1.15436,2107,1,0
1780999200,1.15436,1.15468,1.1537,1.15397,2155,0,0
1781001000,1.15397,1.15438,1.15378,1.15392,1735,0,0
1781002800,1.15392,1.15454,1.15357,1.15444,2136,1,0
1781004600,1.15444,1.15526,1.15438,1.15506,1766,1,0
1781006400,1.15506,1.15595,1.15502,1.15557,1674,0,0
1781008200,1.15557,1.15637,1.1555,1.15613,1557,0,0
1781010000,1.15613,1.1566,1.1559599999999999,1.15652,1616,0,0
1781011800,1.15652,1.1569099999999999,1.15636,1.15653,1096,0,0
1781013600,1.15653,1.15726,1.15645,1.15723,1362,1,0
1781015400,1.15723,1.15741,1.15665,1.15726,1613,0,0
1781017200,1.15725,1.15749,1.15688,1.15692,1811,2,0
1781019000,1.15693,1.15748,1.15685,1.15735,1598,2,0
1781020800,1.15735,1.15779,1.15706,1.15721,2118,0,0
1781022600,1.15722,1.15764,1.15626,1.15663,3612,0,0
1781024400,1.15663,1.15733,1.1558,1.15629,3954,0,0
1781026200,1.15629,1.15692,1.15605,1.15622,3840,0,0
1781028000,1.15622,1.15673,1.1557,1.15582,3365,0,0
1781029800,1.15582,1.15599,1.15449,1.1555,4018,0,0
1781031600,1.1555,1.15574,1.154,1.15459,3939,0,0
1781033400,1.15458,1.1547399999999999,1.15277,1.15408,5244,0,0
1781035200,1.15408,1.1553,1.15394,1.15506,4020,0,0
1781037000,1.15506,1.15525,1.15454,1.1548,2727,0,0
1781038800,1.1548,1.1553,1.15449,1.15514,2708,0,0
1781040600,1.15514,1.15529,1.15475,1.15497,2177,0,0
1781042400,1.15497,1.15502,1.15419,1.15429,1720,1,0
1781044200,1.15429,1.15439,1.15391,1.15414,2106,1,0
1781046000,1.1541299999999999,1.15453,1.15394,1.15432,862,3,0
1781047800,1.15432,1.15443,1.15425,1.15425,413,3,0
1781049600,1.15419,1.15444,1.15396,1.15398,235,6,0
1781051400,1.15398,1.154,1.15351,1.15381,396,3,0
1781053200,1.15381,1.15401,1.15361,1.15401,525,3,0
1781055000,1.15401,1.1540300000000001,1.15351,1.15361,627,3,0
1781056800,1.15361,1.15389,1.15341,1.15347,472,1,0
1781058600,1.15347,1.15369,1.15329,1.15349,748,2,0
1781060400,1.15349,1.1542,1.15335,1.15414,1669,1,0
1781062200,1.15414,1.15435,1.15324,1.15422,1891,0,0
1781064000,1.15422,1.15428,1.15378,1.15393,1703,0,0
1781065800,1.15394,1.15404,1.15346,1.15377,1989,1,0
1781067600,1.15377,1.15429,1.15367,1.15427,1201,1,0
1781069400,1.15427,1.15449,1.1541,1.15425,1166,1,0
1781071200,1.15425,1.15497,1.15421,1.15466,1114,0,0
1781073000,1.15466,1.15521,1.15442,1.15503,1111,2,0
1781074800,1.15503,1.15505,1.15461,1.15485,1175,2,0
1781076600,1.15485,1.15487,1.15435,1.15463,1028,0,0
1781078400,1.15463,1.1549800000000001,1.1544699999999999,1.15494,1336,1,0
1781080200,1.15494,1.15555,1.15489,1.1553499999999999,1718,1,0
1781082000,1.15538,1.15582,1.15517,1.15556,2111,0,0
1781083800,1.15556,1.15564,1.15482,1.15487,1803,0,0
1781085600,1.15486,1.15586,1.15454,1.1553499999999999,1976,0,0
1781087400,1.1553499999999999,1.15552,1.15517,1.15536,1600,1,0
1781089200,1.15536,1.1554,1.1548,1.15531,2196,0,0
1781091000,1.15531,1.1553499999999999,1.15482,1.1553499999999999,1639,1,0
1781092800,1.1553499999999999,1.15567,1.15501,1.15526,1656,0,0
1781094600,1.15526,1.1559599999999999,1.15522,1.15578,1936,0,0
1781096400,1.15578,1.15592,1.15542,1.1555900000000001,1487,0,0
1781098200,1.1555900000000001,1.15571,1.15494,1.15519,1692,0,0
1781100000,1.15521,1.15524,1.1535199999999999,1.15432,4470,0,0
1781101800,1.15432,1.1544699999999999,1.15343,1.15365,2606,0,0
1781103600,1.15365,1.15466,1.1535199999999999,1.15463,2739,0,0
1781105400,1.15463,1.15646,1.15421,1.15483,5123,0,0
1781107200,1.15483,1.1559599999999999,1.15468,1.15572,3462,0,0
1781109000,1.15572,1.1573,1.1555900000000001,1.15624,4342,0,0
1781110800,1.15625,1.1567,1.15546,1.1557,4622,0,0
1781112600,1.1557,1.15594,1.15497,1.15521,3928,0,0
1781114400,1.15521,1.15566,1.15462,1.15545,3888,0,0
1781116200,1.15546,1.15567,1.15345,1.15492,4594,0,0
1781118000,1.15492,1.15588,1.15482,1.1557,2960,0,0
1781119800,1.1557,1.1559300000000001,1.15517,1.15536,1772,1,0
1781121600,1.15536,1.15565,1.15476,1.15495,1894,1,0
1781123400,1.15495,1.15531,1.15442,1.15522,1927,0,0
1781125200,1.15522,1.15576,1.15491,1.15507,1993,0,0
1781127000,1.1550799999999999,1.1552,1.1547,1.15482,1475,0,0
1781128800,1.15481,1.15487,1.15418,1.15436,1577,2,0
1781130600,1.15436,1.15472,1.15404,1.1541299999999999,1903,1,0
1781132400,1.15415,1.15415,1.1536,1.1539,756,2,0
1781134200,1.1539,1.15399,1.1534200000000001,1.15351,674,0,0
1781136000,1.15349,1.15396,1.15343,1.15361,268,2,0
1781137800,1.15361,1.1537600000000001,1.15344,1.1535199999999999,199,5,0
1781139600,1.1535199999999999,1.15356,1.15275,1.15304,807,3,0
1781141400,1.15304,1.15366,1.15287,1.15295,1174,3,0
1781143200,1.15295,1.15364,1.15253,1.15356,1857,0,0
1781145000,1.15356,1.15377,1.15319,1.15349,1255,0,0
1781146800,1.1535199999999999,1.15426,1.1535199999999999,1.15412,2564,2,0
1781148600,1.15412,1.15429,1.15384,1.15422,1653,0,0
1781150400,1.15422,1.15557,1.15416,1.15548,1797,0,0
1781152200,1.15548,1.1556,1.15522,1.15539,1133,0,0
1781154000,1.1554,1.15541,1.15469,1.15477,1658,2,0
1781155800,1.15477,1.15487,1.15453,1.15479,1411,1,0
1781157600,1.15479,1.1549,1.1543700000000001,1.15471,1129,1,0
1781159400,1.15471,1.15477,1.15435,1.1545,1115,2,0
1781161200,1.1545,1.15472,1.15417,1.15467,1130,0,0
1781163000,1.15467,1.15502,1.15455,1.15482,1106,2,0
1781164800,1.15482,1.15512,1.15457,1.155,1247,2,0
1781166600,1.155,1.15513,1.15443,1.15473,1594,1,0
1781168400,1.15473,1.15473,1.15415,1.15433,1739,0,0
1781170200,1.15433,1.15468,1.15399,1.15415,1490,0,0
1781172000,1.15416,1.15555,1.15412,1.15531,2134,0,0
1781173800,1.15531,1.15542,1.15431,1.15449,1682,0,0
1781175600,1.15449,1.15453,1.15375,1.15389,1780,0,0
1781177400,1.15384,1.15401,1.15303,1.1532,1819,0,0
1781179200,1.1532,1.15369,1.15286,1.15322,1590,0,0
1781181000,1.15322,1.15371,1.15298,1.15339,1565,0,0
1781182800,1.15339,1.15344,1.15221,1.15252,1827,0,0
1781184600,1.15252,1.15318,1.1524,1.15312,1529,0,0
1781186400,1.15312,1.15394,1.15309,1.15375,1891,0,0
1781188200,1.15375,1.15417,1.15345,1.15378,2215,0,0
1781190000,1.15383,1.15402,1.15158,1.1528100000000001,3848,0,0
1781191800,1.1528100000000001,1.15435,1.15192,1.15396,5180,0,0
1781193600,1.15396,1.1540300000000001,1.15167,1.15301,3663,0,0
1781195400,1.15301,1.15396,1.1526,1.15294,4198,0,0
1781197200,1.15294,1.15304,1.15196,1.15215,3373,0,0
1781199000,1.15216,1.1522000000000001,1.15139,1.15192,2745,0,0
1781200800,1.15192,1.15242,1.15129,1.1522000000000001,3308,0,0
1781202600,1.1522000000000001,1.1522999999999999,1.1513200000000001,1.15143,2587,0,0
1781204400,1.15145,1.15161,1.15067,1.15092,2176,0,0
1781206200,1.15092,1.15122,1.15069,1.15089,1769,2,0
1781208000,1.15089,1.15238,1.15015,1.1522999999999999,2459,0,0
1781209800,1.1522999999999999,1.15665,1.15229,1.1550799999999999,8810,0,0
1781211600,1.1550799999999999,1.15604,1.1541,1.15555,6659,0,0
1781213400,1.15556,1.15666,1.15481,1.15578,3911,0,0
1781215200,1.15578,1.1581299999999999,1.15578,1.15804,3941,0,0
1781217000,1.15804,1.15897,1.15767,1.15787,3927,0,0
1781218800,1.15786,1.15834,1.15769,1.15802,1597,2,0
1781220600,1.15802,1.15817,1.15759,1.15779,1041,1,0
1781222400,1.15775,1.15802,1.15739,1.1577600000000001,274,3,0
1781224200,1.1577600000000001,1.15793,1.15746,1.15764,283,3,0
1781226000,1.15764,1.15817,1.15719,1.15749,862,2,0
1781227800,1.15749,1.15848,1.15722,1.1584699999999999,976,3,0
1781229600,1.1584699999999999,1.1586400000000001,1.15764,1.1577600000000001,1086,0,0
1781231400,1.1577600000000001,1.15778,1.15737,1.15754,944,1,0
1781233200,1.15755,1.15764,1.15682,1.15703,2106,1,0
1781235000,1.15703,1.15719,1.15658,1.15696,1741,1,0
1781236800,1.15696,1.15701,1.15612,1.1562000000000001,1994,0,0
1781238600,1.15619,1.15663,1.15613,1.15632,1402,0,0
1781240400,1.15632,1.15704,1.15622,1.15648,1252,1,0
1781242200,1.15648,1.15673,1.15634,1.15667,1125,0,0
1781244000,1.15667,1.15711,1.15647,1.15704,1412,0,0
1781245800,1.15704,1.15751,1.15693,1.15716,1533,0,0
1781247600,1.15721,1.15725,1.15683,1.15717,1164,2,0
1781249400,1.15717,1.1575,1.15702,1.15712,1255,2,0
1781251200,1.15712,1.15738,1.15638,1.15649,1751,0,0
1781253000,1.15649,1.15664,1.15565,1.15573,1827,0,0
1781254800,1.15573,1.15682,1.15573,1.15674,2119,0,0
1781256600,1.15674,1.15741,1.15648,1.15731,2560,1,0
1781258400,1.1573,1.15733,1.15605,1.15605,2483,0,0
1781260200,1.15605,1.15674,1.15566,1.15665,2743,0,0
1781262000,1.15665,1.15856,1.15639,1.1576,3800,0,0
1781263800,1.15761,1.15832,1.15741,1.15765,2746,0,0
1781265600,1.15765,1.15895,1.15729,1.15879,3403,0,0
1781267400,1.1588,1.15889,1.15797,1.15839,2346,0,0
1781269200,1.15839,1.15855,1.15683,1.1574200000000001,2700,0,0
1781271000,1.15734,1.15795,1.15703,1.15737,2167,1,0
1781272800,1.15737,1.15778,1.15709,1.15737,1949,1,0
1781274600,1.15747,1.15793,1.15697,1.15713,2094,0,0
1781276400,1.15714,1.15723,1.15598,1.15614,2263,0,0
1781278200,1.15614,1.15652,1.15598,1.15633,2211,0,0
1781280000,1.15634,1.15764,1.15607,1.15759,2732,0,0
1781281800,1.15759,1.1579,1.15637,1.15694,9969,0,0
1781283600,1.15693,1.1577600000000001,1.1566,1.15693,11290,0,0
1781285400,1.15692,1.1579,1.15682,1.15734,12674,0,0
1781287200,1.15734,1.15836,1.1571500000000001,1.15824,10850,0,0
1781289000,1.15824,1.1583700000000001,1.15729,1.1573,9465,0,0
1781290800,1.1573,1.15779,1.15694,1.15726,9642,0,0
1781292600,1.15726,1.15756,1.1571799999999999,1.15746,6599,0,0
1781294400,1.15745,1.15775,1.1571500000000001,1.15755,6769,0,0
1781296200,1.15755,1.15766,1.1573,1.15746,6098,0,0
1781298000,1.15746,1.15762,1.15722,1.15753,5787,0,0
1781299800,1.15754,1.15786,1.1574200000000001,1.15748,4793,0,0
1781301600,1.15748,1.15779,1.15727,1.15748,5066,0,0
1781303400,1.15748,1.1575199999999999,1.15687,1.15714,5992,0,0
1781305200,1.15714,1.15719,1.1568100000000001,1.15682,3621,0,0
1781307000,1.15682,1.15694,1.1565400000000001,1.1566,4454,0,0
1781481600,1.15746,1.15924,1.1573,1.1592,351,0,0
1781483400,1.1592,1.1605699999999999,1.1592,1.16049,1105,0,0
1781485200,1.16049,1.16176,1.16034,1.16086,6249,0,0
1781487000,1.16085,1.16117,1.16038,1.16088,6127,0,0
1781488800,1.16088,1.16095,1.16036,1.16041,3658,0,0
1781490600,1.16042,1.16092,1.16022,1.16029,3954,0,0
1781492400,1.16029,1.1611799999999999,1.16028,1.16073,6819,0,0
1781494200,1.16073,1.16078,1.1598,1.15989,4889,0,0
1781496000,1.15988,1.1599599999999999,1.15943,1.15981,5358,0,0
1781497800,1.15981,1.16018,1.15957,1.15981,4783,0,0
1781499600,1.15982,1.1599599999999999,1.15941,1.1598,4143,0,0
1781501400,1.1598,1.16015,1.15975,1.15995,3172,0,0
1781503200,1.15995,1.16021,1.15981,1.16017,2973,0,0
1781505000,1.16017,1.16054,1.16008,1.16043,3478,0,0
1781506800,1.16043,1.1609099999999999,1.16032,1.1609,2771,0,0
1781508600,1.16089,1.16136,1.16086,1.16125,2552,0,0
1781510400,1.16125,1.16222,1.16125,1.16184,3522,0,0
1781512200,1.16184,1.16196,1.16136,1.16168,3208,0,0
1781514000,1.1616900000000001,1.1618,1.16066,1.16078,5537,0,0
1781515800,1.16078,1.16088,1.16006,1.16063,5921,0,0
1781517600,1.16064,1.16106,1.16014,1.16085,7592,0,0
1781519400,1.16086,1.16095,1.16039,1.16062,6265,0,0
1781521200,1.16062,1.16102,1.16038,1.16077,5992,0,0
1781523000,1.16077,1.16104,1.1596899999999999,1.16003,6108,0,0
1781524800,1.16015,1.16105,1.16009,1.16053,254,0,0
1781526600,1.16056,1.16104,1.1605,1.16069,3480,0,0
1781528400,1.16068,1.16116,1.16032,1.16103,4346,0,0
1781530200,1.16104,1.16146,1.16099,1.16107,4284,0,0
1781532000,1.16107,1.16143,1.16067,1.16069,5263,0,0
1781533800,1.1607,1.16141,1.16056,1.1609099999999999,6195,0,0
1781535600,1.1609099999999999,1.16124,1.16044,1.16097,6926,0,0
1781537400,1.16096,1.16199,1.16084,1.16154,6598,0,0
1781539200,1.16154,1.1618,1.1612,1.16168,5979,0,0
1781541000,1.16168,1.16206,1.16131,1.1616900000000001,9387,0,0
1781542800,1.1616900000000001,1.16188,1.16086,1.16125,8544,0,0
1781544600,1.16125,1.16135,1.16051,1.16078,9224,0,0
1781546400,1.16078,1.16078,1.16013,1.16032,6477,0,0
1781548200,1.16032,1.16035,1.15965,1.15984,5476,0,0
1781550000,1.15984,1.1605,1.15974,1.16048,5455,0,0
1781551800,1.16048,1.16053,1.15976,1.16036,5118,0,0
1781553600,1.16036,1.16042,1.15987,1.16005,4830,0,0
1781555400,1.16006,1.1601,1.15979,1.15994,3448,0,0
1781557200,1.15994,1.16032,1.15976,1.15977,4668,0,0
1781559000,1.15977,1.1598600000000001,1.15939,1.15947,4919,0,0
1781560800,1.15947,1.15963,1.15899,1.15917,4497,0,0
1781562600,1.15916,1.15944,1.15844,1.15853,5062,0,0
1781564400,1.15853,1.15893,1.15836,1.1589,3484,0,0
1781566200,1.1589,1.15901,1.15871,1.15886,3073,0,0
1781568000,1.15894,1.15982,1.15815,1.15879,794,0,0
1781569800,1.15879,1.15944,1.15871,1.15897,925,0,0
1781571600,1.15897,1.15911,1.1584699999999999,1.15867,2999,0,0
1781573400,1.15867,1.1589800000000001,1.15862,1.15885,1872,0,0
1781575200,1.15886,1.15921,1.15884,1.15913,1491,0,0
1781577000,1.15913,1.15939,1.15906,1.15913,1194,0,0
1781578800,1.15913,1.15922,1.15878,1.15885,3026,0,0
1781580600,1.15885,1.15937,1.15883,1.1593,2947,0,0
1781582400,1.1593,1.15952,1.15894,1.1591,5150,0,0
1781584200,1.15909,1.15926,1.15869,1.15878,3820,0,0
1781586000,1.15878,1.15881,1.15827,1.15862,3370,0,0
1781587800,1.1586400000000001,1.15895,1.15856,1.15878,3009,0,0
1781589600,1.15878,1.15885,1.1584,1.15856,3735,0,0
1781591400,1.15855,1.15888,1.15852,1.1586400000000001,3291,0,0
1781593200,1.15863,1.15871,1.15757,1.15784,3726,0,0
1781595000,1.15784,1.15807,1.15763,1.1579,3486,0,0
1781596800,1.1579,1.15811,1.1577,1.15794,2758,0,0
1781598600,1.15794,1.15807,1.15753,1.15756,3596,0,0
1781600400,1.15756,1.15789,1.15746,1.15787,3902,0,0
1781602200,1.15787,1.15877,1.15777,1.1587399999999999,6277,0,0
1781604000,1.1587399999999999,1.15914,1.15851,1.1591,6659,0,0
1781605800,1.1591,1.15956,1.15893,1.15955,5386,0,0
1781607600,1.15955,1.16019,1.15932,1.16015,6552,0,0
1781609400,1.16015,1.16067,1.15984,1.16056,5165,0,0
1781611200,1.16056,1.16095,1.16005,1.16016,5656,0,0
1781613000,1.16015,1.16036,1.15998,1.16011,4728,0,0
1781614800,1.16011,1.1613,1.16005,1.16093,5148,0,0
1781616600,1.16093,1.16126,1.16073,1.1611799999999999,4612,0,0
1781618400,1.1611799999999999,1.16121,1.16027,1.16041,5115,0,0
1781620200,1.16041,1.16067,1.1596899999999999,1.15992,5971,0,0
1781622000,1.15991,1.15994,1.15913,1.15949,5760,0,0
1781623800,1.15949,1.16019,1.15942,1.15995,6116,0,0
1781625600,1.15995,1.16026,1.15948,1.15978,6679,0,0
1781627400,1.15978,1.16036,1.15912,1.15927,9220,0,0
1781629200,1.15927,1.15972,1.15879,1.15907,8310,0,0
1781631000,1.15907,1.16085,1.15878,1.1607,9245,0,0
1781632800,1.1607,1.16082,1.15998,1.16022,7618,0,0
1781634600,1.16022,1.16189,1.16014,1.16141,8657,0,0
1781636400,1.16141,1.16199,1.16124,1.16168,7863,0,0
1781638200,1.16168,1.16177,1.16112,1.16132,5293,0,0
1781640000,1.16132,1.16139,1.16104,1.1612,4999,0,0
1781641800,1.16121,1.16133,1.16107,1.16113,4611,0,0
1781643600,1.16113,1.1614200000000001,1.16095,1.16102,4399,0,0
1781645400,1.16102,1.16114,1.16056,1.16104,4515,0,0
1781647200,1.16105,1.16138,1.16104,1.16115,5336,0,0
1781649000,1.16115,1.1611799999999999,1.16058,1.16082,5032,0,0
1781650800,1.16082,1.16098,1.16059,1.16095,3721,0,0
1781652600,1.16095,1.16097,1.16056,1.1608,3965,0,0
1781654400,1.16072,1.16129,1.16042,1.1612,1401,0,0
1781656200,1.1612,1.16122,1.16071,1.16084,595,0,0
1781658000,1.16084,1.16114,1.16083,1.16109,2264,0,0
1781659800,1.1610800000000001,1.16132,1.16106,1.16122,1583,0,0
1781661600,1.16122,1.16148,1.16117,1.16145,1570,0,0
1781663400,1.16145,1.16149,1.1609,1.16097,3226,0,0
1781665200,1.16097,1.16167,1.16087,1.16154,4993,0,0
1781667000,1.16154,1.1616,1.16124,1.16148,3875,0,0
1781668800,1.16148,1.16162,1.1612,1.16122,3652,0,0
1781670600,1.16121,1.1614200000000001,1.16102,1.16124,2724,0,0
1781672400,1.16124,1.1615199999999999,1.1611799999999999,1.16139,2339,0,0
1781674200,1.16139,1.16141,1.16093,1.16093,2117,0,0
1781676000,1.16093,1.16113,1.16078,1.16105,2215,0,0
1781677800,1.16105,1.16123,1.161,1.16103,2451,0,0
1781679600,1.16103,1.16137,1.161,1.16115,2240,0,0
1781681400,1.16114,1.16131,1.161,1.16124,2071,0,0
1781683200,1.16125,1.16145,1.16112,1.16123,2429,0,0
1781685000,1.16122,1.16151,1.16105,1.16121,2674,0,0
1781686800,1.16124,1.16147,1.16058,1.16061,4894,0,0
1781688600,1.16061,1.16088,1.16039,1.1608100000000001,4979,0,0
1781690400,1.1608,1.1615,1.16067,1.16069,5034,0,0
1781692200,1.16068,1.1609099999999999,1.16045,1.16084,4851,0,0
1781694000,1.16084,1.16085,1.1598,1.16022,5587,0,0
1781695800,1.16022,1.16034,1.15993,1.1602000000000001,4539,0,0
1781697600,1.1602000000000001,1.16061,1.16007,1.16048,4122,0,0
1781699400,1.16048,1.1606,1.16014,1.16039,3532,0,0
1781701200,1.16039,1.1604700000000001,1.15947,1.15962,4421,0,0
1781703000,1.15962,1.16009,1.15954,1.15971,3551,0,0
1781704800,1.15971,1.15973,1.15894,1.159,4907,0,0
1781706600,1.15901,1.15916,1.15849,1.15915,5120,0,0
1781708400,1.15915,1.15982,1.15901,1.15964,5648,0,0
1781710200,1.15964,1.16029,1.15931,1.16021,5255,0,0
1781712000,1.16021,1.1602999999999999,1.15976,1.15982,5255,0,0
1781713800,1.15983,1.16015,1.15952,1.1597,8022,0,0
1781715600,1.1597,1.1598600000000001,1.15902,1.15926,7605,0,0
1781717400,1.15926,1.15958,1.1581,1.15893,9986,0,0
1781719200,1.15894,1.15941,1.1587,1.15927,8187,0,0
1781721000,1.15927,1.15941,1.15892,1.15926,5523,0,0
1781722800,1.15927,1.15934,1.15891,1.15919,4943,0,0
1781724600,1.1592,1.1593,1.15884,1.15918,4095,0,0
1781726400,1.15918,1.1592,1.15878,1.1590799999999999,4755,0,0
1781728200,1.1590799999999999,1.15964,1.15903,1.15955,4754,0,0
1781730000,1.15955,1.15955,1.15416,1.15488,22887,0,0
1781731800,1.15488,1.15664,1.15356,1.15388,26724,0,0
1781733600,1.15388,1.15421,1.14956,1.14959,25673,0,0
1781735400,1.14959,1.1497600000000001,1.14779,1.14942,22102,0,0
1781737200,1.14943,1.14999,1.14869,1.14996,8186,0,0
1781739000,1.14996,1.15056,1.14985,1.1501000000000001,6078,0,0
1781740800,1.1501000000000001,1.15043,1.1499,1.15042,950,0,0
1781742600,1.15042,1.15043,1.15006,1.1503700000000001,1138,0,0
1781744400,1.1503700000000001,1.15051,1.15001,1.1502,4821,0,0
1781746200,1.1502,1.15057,1.15017,1.15045,4144,0,0
1781748000,1.15045,1.15087,1.15044,1.15064,2001,0,0
1781749800,1.15064,1.15077,1.1503700000000001,1.15069,3553,0,0
1781751600,1.15069,1.15208,1.15068,1.15104,6851,0,0
1781753400,1.15104,1.1516899999999999,1.15091,1.15156,6107,0,0
1781755200,1.15156,1.1522000000000001,1.15153,1.15212,5218,0,0
1781757000,1.15212,1.15225,1.15155,1.15165,4766,0,0
1781758800,1.15166,1.15184,1.1513,1.15163,3527,0,0
1781760600,1.15163,1.1521,1.15153,1.15178,3555,0,0
1781762400,1.15178,1.15234,1.15177,1.15226,3637,0,0
1781764200,1.15227,1.15245,1.1521,1.15234,3020,0,0
1781766000,1.15234,1.1526399999999999,1.152,1.15227,3645,0,0
1781767800,1.15228,1.15252,1.1521,1.15232,3705,0,0
1781769600,1.15231,1.1525,1.15176,1.1518,3434,0,0
1781771400,1.1518,1.15186,1.15103,1.15107,3273,0,0
1781773200,1.15106,1.15273,1.15104,1.15271,6966,0,0
1781775000,1.15271,1.15284,1.15188,1.15195,8791,0,0
1781776800,1.15195,1.1522999999999999,1.15072,1.15105,8673,0,0
1781778600,1.15105,1.1521,1.15064,1.15128,7774,0,0
1781780400,1.15128,1.1514,1.1501000000000001,1.15024,9217,0,0
1781782200,1.15025,1.15035,1.14821,1.14826,9746,0,0
1781784000,1.14826,1.1486,1.14747,1.14762,11031,0,0
1781785800,1.14762,1.14836,1.14746,1.1476600000000001,6739,0,0
1781787600,1.1476600000000001,1.14774,1.1461999999999999,1.14716,9622,0,0
1781789400,1.14716,1.14727,1.14595,1.14608,7858,0,0
1781791200,1.14608,1.14669,1.14536,1.14625,10439,0,0
1781793000,1.14625,1.14655,1.14555,1.14573,8935,0,0
1781794800,1.14573,1.14818,1.14532,1.14711,10287,0,0
1781796600,1.14711,1.1473200000000001,1.14638,1.14694,8314,0,0
1781798400,1.14694,1.14719,1.14629,1.14713,9850,0,0
1781800200,1.14713,1.14841,1.14707,1.14723,12967,0,0
1781802000,1.14723,1.14776,1.14672,1.14746,12117,0,0
1781803800,1.14746,1.14875,1.14696,1.14863,10917,0,0
1781805600,1.1486399999999999,1.14876,1.14756,1.14778,9993,0,0
1781807400,1.14777,1.14785,1.14689,1.14692,9369,0,0
1781809200,1.14692,1.14723,1.1463,1.14697,8993,0,0
1781811000,1.14701,1.14706,1.14616,1.14652,6740,0,0
1781812800,1.14652,1.14736,1.14632,1.14715,6591,0,0
1781814600,1.14714,1.14716,1.14623,1.14626,5298,0,0
1781816400,1.14626,1.14659,1.14603,1.14632,5995,0,0
1781818200,1.14631,1.14654,1.14589,1.14595,5547,0,0
1781820000,1.14595,1.14602,1.14508,1.14522,7120,0,0
1781821800,1.14522,1.14629,1.1452,1.14575,8267,0,0
1781823600,1.14578,1.14633,1.14552,1.14622,4074,0,0
1781825400,1.1461999999999999,1.14625,1.14568,1.14574,3441,0,0
1781827200,1.14567,1.14674,1.14555,1.14581,430,0,0
1781829000,1.14581,1.1463700000000001,1.14581,1.14618,592,0,0
1781830800,1.14618,1.14634,1.14588,1.146,3101,0,0
1781832600,1.14599,1.14636,1.1458,1.14632,3431,0,0
1781834400,1.14632,1.14635,1.14596,1.14605,2139,0,0
1781836200,1.14607,1.14612,1.14568,1.14584,2268,0,0
1781838000,1.14584,1.1464699999999999,1.14583,1.14608,4597,0,0
1781839800,1.14608,1.14657,1.14607,1.14618,4168,0,0
1781841600,1.14619,1.14635,1.14593,1.14613,3646,0,0
1781843400,1.14613,1.14613,1.1452,1.14531,3532,0,0
1781845200,1.14532,1.14577,1.14512,1.14572,4186,0,0
1781847000,1.14572,1.14579,1.14532,1.14545,2838,0,0
1781848800,1.14546,1.14548,1.14434,1.1443699999999999,4542,0,0
1781850600,1.14438,1.14467,1.14417,1.14424,4097,0,0
1781852400,1.14424,1.1443,1.1437599999999999,1.14397,4143,0,0
1781854200,1.14397,1.14435,1.14273,1.14287,4818,0,0
1781856000,1.14287,1.14292,1.14177,1.14225,6917,0,0
1781857800,1.14225,1.14338,1.14186,1.14308,5557,0,0
1781859600,1.14308,1.14391,1.14301,1.14369,6946,0,0
1781861400,1.14369,1.14424,1.1429,1.14422,6183,0,0
1781863200,1.14422,1.14493,1.14416,1.14461,7150,0,0
1781865000,1.1446,1.1449,1.14432,1.14465,5593,0,0
1781866800,1.14465,1.14597,1.14463,1.14591,5440,0,0
