time,open,high,low,close,tick_volume,spread,real_volume,ema_8,ema_33
1779377400,1.15946,1.1609,1.15941,1.15972,3360,0,0,1.15972,1.15972
1779379200,1.15972,1.16,1.15873,1.15893,2268,1,0,1.1595444444444445,1.1596735294117646
1779381000,1.15895,1.1601,1.15763,1.15946,3804,0,0,1.1595256790123458,1.1596609688581314
1779382800,1.15946,1.15956,1.15842,1.15887,3368,0,0,1.159379972565158,1.1596144412782414
1779384600,1.15887,1.15965,1.15859,1.15928,2839,0,0,1.1593577564395672,1.1595947682618744
1779386400,1.15928,1.15938,1.15821,1.15855,3127,0,0,1.1591782550085523,1.1595333113052935
1779388200,1.15854,1.15889,1.15828,1.15883,1770,1,0,1.1591008650066519,1.159491940052041
1779390000,1.15884,1.15935,1.15844,1.15932,1881,0,0,1.1591495616718404,1.1594818259313326
1779391800,1.15933,1.15963,1.15922,1.15952,1289,0,0,1.1592318813003204,1.1594840714647838
1779393600,1.15952,1.16203,1.15927,1.16182,4262,0,0,1.159807018789138,1.159621479025679
1779395400,1.16182,1.16299,1.16146,1.16248,2920,0,0,1.160401014613774,1.159789627318286
1779397200,1.16247,1.16299,1.16188,1.16261,2445,0,0,1.1608919002551574,1.1599555315936807
1779399000,1.16262,1.16271,1.16071,1.16113,2899,0,0,1.1609448113095668,1.160024617970523
1779400800,1.16109,1.16207,1.16097,1.16198,1699,0,0,1.1611748532407742,1.1601396404428452
1779402600,1.16198,1.16241,1.16141,1.16211,1630,0,0,1.1613826636317133,1.1602555439462072
1779404400,1.1621,1.16226,1.16158,1.16183,672,3,0,1.1614820717135548,1.160348159008195
1779406200,1.16184,1.16188,1.16159,1.16173,453,3,0,1.1615371668883203,1.160429443772419
1779408000,1.16177,1.16224,1.1615,1.16206,451,4,0,1.1616533520242491,1.1605253588446296
1779409800,1.16206,1.16209,1.16172,1.16186,503,0,0,1.1616992737966383,1.1606038671478867
1779411600,1.16181,1.16214,1.1615,1.16166,262,0,0,1.161690546286274,1.1606659926097758
1779413400,1.16166,1.16189,1.16165,1.16172,182,3,0,1.161697091555991,1.1607279930444947
1779415200,1.16172,1.16184,1.16158,1.16171,194,3,0,1.161699960099104,1.1607857581595245
1779417000,1.16169,1.1619,1.16165,1.16177,263,3,0,1.1617155245215254,1.1608436547383758
1779418800,1.16178,1.1618,1.16129,1.1614,931,1,0,1.1616454079611864,1.160876380930236
1779420600,1.1614,1.16161,1.16123,1.16144,641,1,0,1.1615997617475893,1.1609095349931633
1779422400,1.16143,1.16157,1.16121,1.16139,770,2,0,1.1615531480259027,1.160937797640624
1779424200,1.16139,1.16156,1.16098,1.16099,809,2,0,1.1614280040201466,1.1609408683676463
1779426000,1.16097,1.16119,1.16095,1.16113,540,2,0,1.1613617809045584,1.1609519937577848
1779427800,1.16114,1.16142,1.16099,1.16117,505,2,0,1.1613191629257678,1.1609648176543859
1779429600,1.16116,1.16129,1.16086,1.16102,502,2,0,1.161252682275597,1.1609680636747162
1779431400,1.16102,1.16122,1.16102,1.16119,514,2,0,1.16123875288102,1.160981118752674
1779433200,1.16118,1.16149,1.16112,1.16135,429,2,0,1.1612634744630155,1.1610028176495755
1779435000,1.16135,1.16154,1.16129,1.16152,276,2,0,1.161320480137901,1.1610332401407768
1779436800,1.16151,1.16167,1.16142,1.16145,457,2,0,1.1613492623294785,1.1610577554266135
1779438600,1.16145,1.16169,1.16071,1.16092,807,2,0,1.1612538707007056,1.1610496521662246
1779440400,1.16092,1.16145,1.16075,1.16122,1409,0,0,1.1612463438783265,1.161059672627035
1779442200,1.16122,1.16124,1.16052,1.16098,1282,0,0,1.1611871563498095,1.1610549860019153
1779444000,1.16098,1.16098,1.16013,1.16084,1171,0,0,1.1611100104942964,1.1610423397665086
1779445800,1.16084,1.16094,1.16046,1.16083,1156,0,0,1.1610477859400083,1.1610298491920081
1779447600,1.16083,1.16157,1.16058,1.16112,1537,0,0,1.1610638335088952,1.1610351521807136
1779449400,1.16112,1.16122,1.16032,1.16078,1588,0,0,1.1610007593958074,1.161020143228907
1779451200,1.16077,1.16079,1.1596,1.15993,1179,1,0,1.1607628128634058,1.1609560171566182
1779453000,1.15993,1.16057,1.15982,1.16041,1081,0,0,1.1606844100048712,1.1609238985003467
1779454800,1.16042,1.16078,1.16001,1.16002,822,0,0,1.160536763337122,1.1608707280003263
1779456600,1.16002,1.16012,1.15951,1.15973,1172,2,0,1.1603574825955394,1.1608036263532484
1779458400,1.15973,1.15976,1.15933,1.15938,1083,0,0,1.160140264240975,1.1607198836265866
1779460200,1.15939,1.16021,1.15933,1.15964,1410,0,0,1.1600290944096472,1.1606563610603167
1779462000,1.15964,1.1607,1.15944,1.15984,2772,0,0,1.1599870734297255,1.1606083398214744
1779463800,1.15984,1.16048,1.15977,1.16043,1295,1,0,1.1600855015564533,1.1605978492437405
1779465600,1.16041,1.16183,1.16038,1.1611,2573,0,0,1.1603109456550191,1.1606273875235205
1779467400,1.16111,1.16115,1.15993,1.16036,2434,0,0,1.1603218466205705,1.1606116588456663
1779469200,1.16036,1.16038,1.15881,1.15965,2802,0,0,1.1601725473715547,1.1605550906782742
1779471000,1.15965,1.16023,1.15947,1.15977,2251,0,0,1.160083092400098,1.1605089088736698
1779472800,1.15976,1.16055,1.15957,1.16026,1897,0,0,1.1601224052000763,1.1604942671752185
1779474600,1.16026,1.16044,1.15981,1.16027,1745,0,0,1.1601552040445036,1.1604810749884409
1779476400,1.16027,1.16092,1.15994,1.16092,1615,0,0,1.1603251587012806,1.160506894106768
1779478200,1.16092,1.16111,1.16054,1.16111,1146,1,0,1.1604995678787737,1.1605423709240168
1779480000,1.16111,1.16171,1.16086,1.16162,1820,0,0,1.160748552794602,1.1606057608696627
1779481800,1.16163,1.16191,1.16106,1.16133,1797,0,0,1.1608777632846905,1.1606483631714473
1779483600,1.16133,1.16149,1.16093,1.16104,1092,0,0,1.1609138158880927,1.1606714006319505
1779485400,1.16104,1.16151,1.16093,1.16117,799,0,0,1.1609707456907388,1.1607007300065417
1779487200,1.16117,1.16138,1.1608,1.16082,1091,0,0,1.1609372466483525,1.1607077458885098
1779489000,1.16082,1.16088,1.16051,1.16059,800,0,0,1.1608600807264964,1.160700819659774
1779490800,1.16058,1.16065,1.16033,1.16037,412,0,0,1.1607511738983862,1.1606813596797871
1779492600,1.16037,1.16038,1.15978,1.16032,732,0,0,1.1606553574765226,1.1606601032280348
1779667200,1.16373,1.16405,1.16355,1.16378,399,0,0,1.1613497224817397,1.1608436265675623
1779669000,1.16373,1.16374,1.16302,1.1633,348,6,0,1.1617831174857975,1.1609881191224116
1779670800,1.1633,1.16417,1.16309,1.16406,822,0,0,1.1622890913778425,1.1611688179975639
1779672600,1.16406,1.16447,1.16403,1.1643,554,2,0,1.1627359599605442,1.1613530051741778
1779674400,1.1643,1.16459,1.1643,1.1645,426,2,0,1.163127968858201,1.1615381225168733
1779676200,1.1645,1.16454,1.16412,1.16416,600,1,0,1.1633573091119342,1.1616923506041161
1779678000,1.16417,1.16424,1.16379,1.16418,1073,0,0,1.1635401293092822,1.161838682921521
1779679800,1.16418,1.16489,1.16352,1.16366,1238,0,0,1.1635667672405527,1.1619458192202552
1779681600,1.16366,1.1647,1.16354,1.16461,1443,0,0,1.163798596742652,1.1621025357367107
1779683400,1.16461,1.16461,1.16383,1.1639,991,1,0,1.1638211307998405,1.1622082689286688
1779685200,1.16391,1.16425,1.16389,1.16416,683,2,0,1.1638964350665426,1.1623230766387471
1779687000,1.16416,1.16418,1.16366,1.16375,494,2,0,1.1638638939406443,1.162407013307056
1779688800,1.16375,1.16395,1.1636,1.16372,783,2,0,1.16383191750939,1.1624842478184056
1779690600,1.16373,1.16397,1.16359,1.16372,641,2,0,1.1638070469517479,1.1625569391232053
1779692400,1.16372,1.16377,1.16355,1.16369,521,2,0,1.1637810365180261,1.1626235897630168
1779694200,1.16369,1.16437,1.16369,1.1642,550,0,0,1.1638741395140202,1.162716319776957
1779696000,1.1642,1.16452,1.1641,1.16432,653,2,0,1.1639732196220158,1.1628106539077243
1779697800,1.16432,1.16447,1.16379,1.16391,606,2,0,1.1639591708171233,1.162875321324917
1779699600,1.1639,1.16412,1.16376,1.16388,883,2,0,1.163941577302207,1.1629344200705103
1779701400,1.16388,1.16447,1.16374,1.16408,894,1,0,1.1639723379017166,1.163001807125186
1779703200,1.1641,1.16419,1.16295,1.16337,1588,0,0,1.1638384850346686,1.1630234655295868
1779705000,1.16338,1.16381,1.16334,1.16374,1042,0,0,1.163816599471409,1.1630656146160816
1779706800,1.16374,1.16407,1.1633,1.16403,848,0,0,1.1638640218110958,1.1631223431680766
1779708600,1.16403,1.16442,1.16401,1.16437,944,2,0,1.16397646140863,1.163195734746425
1779710400,1.16436,1.16452,1.16401,1.16422,551,0,0,1.164030581095601,1.1632559856436941
1779712200,1.16422,1.16447,1.16404,1.16415,449,2,0,1.164057118629912,1.1633085747234768
1779714000,1.16414,1.16442,1.16412,1.16418,607,2,0,1.1640844256010427,1.1633598350338605
1779715800,1.16418,1.16439,1.16413,1.16428,506,2,0,1.164127886578589,1.1634139623848099
1779717600,1.16428,1.16447,1.16403,1.16444,544,2,0,1.1641972451166802,1.1634743175386446
1779719400,1.16444,1.16506,1.16434,1.16438,1115,0,0,1.1642378573129735,1.1635275929775477
1779721200,1.16438,1.16468,1.16426,1.1644,867,0,0,1.1642738890212017,1.163578911037692
1779723000,1.1644,1.16527,1.1644,1.16481,970,0,0,1.164393024794268,1.1636513280354748
1779724800,1.16481,1.16497,1.16438,1.1644,817,0,0,1.1643945748399862,1.1636953675627997
1779726600,1.1644,1.16444,1.16387,1.16387,825,1,0,1.1642780026533226,1.1637056400591055
1779728400,1.16387,1.16429,1.16383,1.16412,672,0,0,1.1642428909525844,1.1637300141732758
1779730200,1.16412,1.16463,1.16401,1.16419,813,0,0,1.1642311374075658,1.1637570721630832
1779732000,1.1642,1.16485,1.16395,1.16455,1222,0,0,1.16430199576144,1.1638037149770195
1779733800,1.16455,1.16458,1.16419,1.1642,463,1,0,1.1642793300366756,1.1638270258607242
1779735600,1.16422,1.16426,1.16378,1.16382,568,0,0,1.1641772566951922,1.1638266125747991
1779737400,1.16382,1.16415,1.16366,1.1641,661,0,0,1.164160088540705,1.1638426941880462
1779739200,1.1641,1.16441,1.16402,1.16437,329,2,0,1.1642067355316594,1.1638737121769847
1779741000,1.16437,1.16439,1.16416,1.16432,280,2,0,1.1642319054135128,1.163899964401868
1779742800,1.16432,1.16438,1.1642,1.16424,303,2,0,1.16423370421051,1.1639199664958757
1779744600,1.16424,1.16438,1.16414,1.16434,156,2,0,1.1642573254970632,1.1639446743490596
1779746400,1.16434,1.16435,1.1642,1.16429,154,2,0,1.164264586497716,1.1639649876226443
1779748200,1.1643,1.16436,1.16417,1.1642,231,2,0,1.164250233942668,1.1639788118801357
1779750000,1.16419,1.16432,1.16418,1.1643,197,3,0,1.1642612930665195,1.1639977052989512
1779751800,1.1643,1.16434,1.16413,1.16432,311,3,0,1.1642743390517374,1.1640166638107776
1779753600,1.16426,1.16427,1.16382,1.16403,530,16,0,1.1642200414846846,1.1640174482924965
1779755400,1.16403,1.16448,1.16359,1.16395,363,3,0,1.1641600322658658,1.164013480745879
1779757200,1.16395,1.16427,1.16384,1.16398,477,3,0,1.1641200250956736,1.164011511290239
1779759000,1.16398,1.16416,1.1639,1.16406,202,3,0,1.1641066861855238,1.1640143635672837
1779760800,1.16406,1.16431,1.16405,1.16408,281,3,0,1.1641007559220742,1.164018224533914
1779762600,1.16408,1.16408,1.16355,1.16357,440,1,0,1.1639828101616132,1.16399185838486
1779764400,1.16357,1.16397,1.16338,1.16355,1374,0,0,1.1638866301256992,1.1639658667151624
1779766200,1.16356,1.16394,1.16349,1.16386,864,0,0,1.1638807123199881,1.1639596392613294
1779768000,1.16386,1.16397,1.16349,1.16366,1014,2,0,1.1638316651377685,1.1639420134224276
1779769800,1.16366,1.16368,1.16302,1.16338,888,2,0,1.1637312951071532,1.1639089538093437
1779771600,1.16338,1.1635,1.16321,1.16329,570,2,0,1.1636332295277858,1.163872544761735
1779773400,1.16329,1.16344,1.16311,1.16338,495,2,0,1.163576956299389,1.1638435715404565
1779775200,1.16338,1.16372,1.16336,1.16345,424,2,0,1.1635487437884136,1.1638204202733708
1779777000,1.16345,1.1636,1.16341,1.16358,395,0,0,1.1635556896132107,1.163806277904349
1779778800,1.16357,1.16359,1.1633,1.16331,256,2,0,1.163501091921386,1.1637770850864462
1779780600,1.16331,1.16342,1.16292,1.16295,411,1,0,1.1633786270499669,1.1637284330225377
1779782400,1.16296,1.16302,1.16279,1.16295,518,1,0,1.1632833765944186,1.1636826428447413
1779784200,1.16295,1.16306,1.16274,1.16279,666,1,0,1.1631737373512145,1.1636301344421094
1779786000,1.16279,1.16355,1.16271,1.16327,1076,0,0,1.1631951290509446,1.1636089500631617
1779787800,1.16327,1.16374,1.16325,1.16351,1066,0,0,1.163265100372957,1.163603129471211
1779789600,1.16353,1.16363,1.1624,1.16339,1369,0,0,1.1632928558456332,1.1635905924434926
1779791400,1.16339,1.16403,1.16326,1.1637,1445,0,0,1.1633833323243814,1.1635970281821106
1779793200,1.1637,1.1642,1.1635,1.16392,1116,0,0,1.163502591807852,1.1636160265243394
1779795000,1.16392,1.16412,1.16342,1.16363,1035,0,0,1.1635309047394404,1.163616848493496
1779796800,1.16363,1.16422,1.16323,1.16417,1206,0,0,1.1636729259084535,1.1636493868174078
1779798600,1.16418,1.1644,1.16397,1.16426,860,0,0,1.163803386817686,1.1636853052399134
1779800400,1.16426,1.16436,1.16397,1.16428,825,0,0,1.1639093008582002,1.1637202872846244
1779802200,1.16428,1.16451,1.16376,1.16413,1317,0,0,1.1639583451119335,1.1637443880325875
1779804000,1.16415,1.16447,1.16397,1.164,904,0,0,1.1639676017537262,1.1637594240306706
1779805800,1.16401,1.1642,1.16334,1.16346,1234,0,0,1.1638548013640093,1.1637418108523958
1779807600,1.16346,1.1636,1.1631,1.16351,1273,0,0,1.1637781788386738,1.163728174919902
1779809400,1.16351,1.16366,1.16315,1.16319,1127,0,0,1.1636474724300796,1.1636965175716725
1779811200,1.16319,1.1633,1.16265,1.16267,1434,1,0,1.1634302563345065,1.1636361341851036
1779813000,1.16267,1.16312,1.16172,1.16255,2430,0,0,1.1632346438157273,1.163572243938921
1779814800,1.16256,1.16298,1.16212,1.16244,1834,1,0,1.1630580563011212,1.1635056413542786
1779816600,1.16241,1.16289,1.16227,1.16249,2048,0,0,1.1629318215675388,1.1634458977452034
1779818400,1.16249,1.16257,1.16174,1.16207,1882,0,0,1.1627403056636412,1.1633649625837208
1779820200,1.16207,1.16222,1.16162,1.16193,1743,0,0,1.1625602377383875,1.1632805530199726
1779822000,1.16193,1.16288,1.16193,1.16271,981,1,0,1.1625935182409681,1.163246991077621
1779823800,1.16271,1.16295,1.16224,1.16238,942,0,0,1.1625460697429753,1.1631959916024668
1779825600,1.16238,1.16276,1.16228,1.16239,876,0,0,1.1625113875778696,1.1631485803317334
1779827400,1.16239,1.1626,1.16213,1.16239,692,0,0,1.1624844125605653,1.1631039579592786
1779829200,1.1624,1.16273,1.16233,1.16269,581,1,0,1.1625300986582174,1.1630796074910859
1779831000,1.16269,1.16309,1.16263,1.16294,627,1,0,1.1626211878452803,1.1630713952857277
1779832800,1.16294,1.16304,1.16273,1.16293,645,1,0,1.1626898127685514,1.163063077915979
1779834600,1.16293,1.16325,1.16293,1.16319,570,0,0,1.1628009654866511,1.1630705439209212
1779836400,1.16319,1.16327,1.16302,1.16302,324,2,0,1.1628496398229509,1.1630675707491025
1779838200,1.16302,1.16319,1.16302,1.16319,353,3,0,1.1629252754178507,1.1630747724697434
1779840000,1.16275,1.16307,1.16235,1.16305,524,3,0,1.1629529919916617,1.163073315265641
1779841800,1.16305,1.16313,1.1629,1.1631,1283,8,0,1.1629856604379591,1.1630748849558974
1779843600,1.1631,1.1633,1.16306,1.16322,463,0,0,1.1630377358961905,1.163083421134962
1779845400,1.16322,1.16332,1.16317,1.16331,161,3,0,1.1630982390303704,1.1630967493034938
1779847200,1.16331,1.16368,1.16329,1.16367,176,2,0,1.1632252970236214,1.1631304699327
1779849000,1.16367,1.16396,1.1636,1.16363,247,3,0,1.1633152310183723,1.163159854054306
1779850800,1.16363,1.16403,1.16359,1.16392,782,1,0,1.1634496241254006,1.1632045685216996
1779852600,1.16393,1.16404,1.16375,1.16379,835,1,0,1.163525263208645,1.163239005667482
1779854400,1.16379,1.16393,1.16367,1.1637,653,1,0,1.163564093606724,1.1632661229811594
1779856200,1.1637,1.1637,1.16326,1.16339,892,2,0,1.1635254061385631,1.1632734098646205
1779858000,1.16338,1.16382,1.16338,1.16347,774,1,0,1.163513093663327,1.163284973990231
1779859800,1.16347,1.16384,1.16339,1.16383,582,0,0,1.1635835172936986,1.1633170343437467
1779861600,1.16383,1.16424,1.16377,1.1639,495,2,0,1.1636538467839876,1.1633513264411732
1779863400,1.1639,1.16396,1.16367,1.16387,369,2,0,1.1637018808319903,1.163381836650516
1779865200,1.16387,1.16408,1.16382,1.16395,322,1,0,1.1637570184248813,1.163415258024015
1779867000,1.16395,1.16423,1.16392,1.16412,429,1,0,1.1638376809971298,1.163456713434367
1779868800,1.16412,1.16444,1.16407,1.16438,640,1,0,1.163958196331101,1.1635110244088158
1779870600,1.16438,1.16442,1.16386,1.16395,880,0,0,1.1639563749241897,1.1635368465024147
1779872400,1.16395,1.16413,1.16372,1.16401,1237,0,0,1.1639682916077032,1.1635646790610963
1779874200,1.16401,1.16492,1.16386,1.16454,1466,1,0,1.1640953379171024,1.163622050881032
1779876000,1.16456,1.16488,1.16421,1.16453,1574,0,0,1.1641919294910796,1.1636754596527359
1779877800,1.16452,1.16478,1.164,1.16405,1186,0,0,1.1641603896041732,1.163697491437869
1779879600,1.16407,1.16471,1.16381,1.16471,1477,2,0,1.1642825252476903,1.1637570507650532
1779881400,1.1647,1.16471,1.16429,1.16449,967,2,0,1.1643286307482037,1.1638001654259325
1779883200,1.16449,1.16469,1.16424,1.16452,1206,0,0,1.1643711572486029,1.1638425086361717
1779885000,1.16452,1.16485,1.16434,1.16446,715,1,0,1.1643909000822468,1.1638788316575732
1779886800,1.16446,1.16446,1.16364,1.16375,890,0,0,1.1642484778417477,1.1638712533247746
1779888600,1.16375,1.16405,1.16359,1.16391,1161,0,0,1.1641732605435815,1.1638735325409644
1779890400,1.16391,1.16418,1.16362,1.16378,1253,0,0,1.1640858693116745,1.1638680306267901
1779892200,1.16378,1.16397,1.16328,1.16376,1467,0,0,1.16401345390908,1.1638616758840379
1779894000,1.16376,1.166,1.16344,1.16561,3967,0,0,1.1643682419292845,1.1639645184790945
1779895800,1.16561,1.16614,1.16417,1.16437,3396,0,0,1.1643686326116656,1.1639883703332654
1779897600,1.16437,1.16479,1.16397,1.16411,2655,0,0,1.164311158697962,1.163995525019544
1779899400,1.1641,1.16462,1.16377,1.16413,3057,0,0,1.164270901209526,1.164003435312512
1779901200,1.16413,1.16522,1.16365,1.16488,2662,0,0,1.164406256496298,1.1640549979411876
1779903000,1.16486,1.16517,1.16249,1.16254,3684,0,0,1.163991532830454,1.1639658804152355
1779904800,1.16255,1.16344,1.16224,1.16338,2583,0,0,1.1638556366459087,1.1639314168613981
1779906600,1.16339,1.16363,1.16262,1.16302,1919,0,0,1.1636699396134844,1.1638778041048454
1779908400,1.16302,1.1632,1.16241,1.16284,1515,0,0,1.1634855085882658,1.1638167568045605
1779910200,1.16284,1.16327,1.16275,1.16322,993,0,0,1.1634265066797622,1.1637816534631156
1779912000,1.16322,1.16329,1.16221,1.16235,1382,0,0,1.1631872829731482,1.1636974385535206
1779913800,1.16235,1.16285,1.16222,1.16273,843,2,0,1.1630856645346708,1.1636405304033135
1779915600,1.16271,1.16273,1.16225,1.16245,821,2,0,1.1629444057491884,1.1635704992031186
1779917400,1.16245,1.16302,1.16238,1.16293,773,1,0,1.162941204471591,1.1635328227794057
1779919200,1.16293,1.16319,1.16283,1.16308,632,1,0,1.1629720479223487,1.163506186145323
1779921000,1.16308,1.16316,1.16267,1.16288,697,0,0,1.1629515928284935,1.1634693516661865
1779922800,1.16287,1.16305,1.16276,1.16278,468,3,0,1.1629134610888283,1.1634288015681755
1779924600,1.16278,1.16289,1.16253,1.16255,523,3,0,1.1628326919579777,1.1633771073582828
1779926400,1.16285,1.16299,1.1626,1.16287,197,11,0,1.1628409826339827,1.163347277513678
1779928200,1.16287,1.16299,1.16253,1.16284,772,3,0,1.1628407642708756,1.163317437659932
1779930000,1.16284,1.16302,1.16269,1.16279,294,3,0,1.162829483321792,1.1632864119152302
1779931800,1.16279,1.16292,1.16258,1.16259,258,3,0,1.1627762648058382,1.163245446508452
1779933600,1.16259,1.16285,1.16214,1.16215,372,1,0,1.1626370948489853,1.163181008478543
1779935400,1.16216,1.16225,1.16159,1.16173,505,0,0,1.1624355182158774,1.1630956550386287
1779937200,1.16173,1.16233,1.16165,1.16231,1017,0,0,1.1624076252790159,1.1630494400363565
1779939000,1.16231,1.16234,1.16167,1.16205,798,1,0,1.1623281529947902,1.1629906494459825
1779940800,1.16205,1.16211,1.16178,1.16184,867,1,0,1.1622196745515034,1.162922964184454
1779942600,1.16185,1.16196,1.16092,1.16098,852,0,0,1.1619441913178359,1.1628086721736037
1779944400,1.16099,1.16141,1.16094,1.16135,737,2,0,1.1618121488027613,1.1627228679280976
1779946200,1.16135,1.16151,1.16103,1.16125,681,2,0,1.161687226846592,1.1626362286382095
1779948000,1.16126,1.16137,1.16009,1.16011,1127,0,0,1.1613367319917938,1.1624876269536089
1779949800,1.16011,1.16011,1.15871,1.15871,1771,0,0,1.160753013771395,1.1622654136033967
1779951600,1.15871,1.15917,1.15862,1.15881,1334,0,0,1.1603212329333072,1.1620621539796674
1779953400,1.15881,1.15927,1.15879,1.15918,799,1,0,1.1600676256147946,1.1618926155102751
1779955200,1.15918,1.15949,1.1589,1.15943,1092,0,0,1.159925931033729,1.1617477557743765
1779957000,1.15943,1.1602,1.15942,1.1599,1256,1,0,1.1599201685817893,1.1616390642582366
1779958800,1.15991,1.16092,1.15985,1.16069,1531,1,0,1.1600912422302807,1.1615832369489285
1779960600,1.16069,1.16121,1.16054,1.16101,1180,2,0,1.1602954106235517,1.1615495171284032
1779962400,1.16101,1.16176,1.16101,1.16124,1549,0,0,1.1605053193738737,1.161531310238497
1779964200,1.16124,1.16138,1.161,1.16116,1260,0,0,1.1606508039574572,1.1615094684597618
1779966000,1.16116,1.16159,1.16065,1.16094,1359,1,0,1.1607150697446889,1.1614759703150699
1779967800,1.16095,1.16168,1.16089,1.16156,1061,0,0,1.160902832023647,1.1614809132377129
1779969600,1.16156,1.16191,1.16144,1.16178,987,1,0,1.1610977582406143,1.161498506576671
1779971400,1.16178,1.16184,1.16129,1.1613,993,1,0,1.1611427008538113,1.1614868297192198
1779973200,1.16129,1.16155,1.16089,1.16145,1066,0,0,1.1612109895529645,1.161484663265148
1779975000,1.16145,1.16146,1.16036,1.16036,1336,0,0,1.161021880763417,1.1614185066024925
1779976800,1.16035,1.16111,1.16033,1.16108,1036,0,0,1.1610347961493244,1.1613985944494047
1779978600,1.16108,1.16227,1.1608,1.16169,1334,0,0,1.16118039700503,1.161415735952381
1779980400,1.16169,1.16256,1.16156,1.1624,1416,0,0,1.1614514198928012,1.1614736338375349
1779982200,1.1624,1.16381,1.16237,1.16364,2611,0,0,1.161937771027734,1.1616010671412094
1779984000,1.16364,1.16431,1.16326,1.16328,1983,0,0,1.162236044132682,1.1616998278976087
1779985800,1.16329,1.16385,1.1629,1.16305,2280,0,0,1.1624169232143082,1.1617792497859847
1779987600,1.16305,1.16578,1.16268,1.16541,4630,0,0,1.1630820513889064,1.1619928233279857
1779989400,1.16541,1.16568,1.16429,1.16475,4130,0,0,1.163452706635816,1.1621550101910454
1779991200,1.16478,1.16552,1.16475,1.1653,2548,0,0,1.1638632162723013,1.162340009591572
1779993000,1.1653,1.16568,1.16477,1.1648,1743,0,0,1.164071390434012,1.1624847149097148
1779994800,1.1648,1.16611,1.16454,1.16572,1853,0,0,1.1644377481153427,1.1626750257973786
1779996600,1.16571,1.16595,1.16535,1.16567,1524,0,0,1.1647115818674887,1.1628512007504739
1779998400,1.16567,1.16573,1.16508,1.16509,1076,1,0,1.1647956747858244,1.1629828948239753
1780000200,1.16509,1.16543,1.16508,1.16533,902,1,0,1.164914413722308,1.1631209598343297
1780002000,1.16533,1.16553,1.16484,1.16489,1651,0,0,1.164908988450684,1.1632250210205455
1780003800,1.16489,1.16501,1.16465,1.16478,973,1,0,1.164880324350532,1.1633164903722781
1780005600,1.16478,1.1649,1.16463,1.16488,891,1,0,1.1648802522726358,1.16340846152685
1780007400,1.16489,1.16515,1.16468,1.16477,998,1,0,1.1648557517676057,1.1634885520252707
1780009200,1.16475,1.16477,1.16447,1.16465,563,3,0,1.1648100291525822,1.1635568724943723
1780011000,1.16465,1.16496,1.16464,1.16494,425,3,0,1.1648389115631195,1.1636382329358799
1780012800,1.16509,1.16522,1.1649,1.16506,221,7,0,1.1648880423268706,1.1637218662925928
1780014600,1.16506,1.16516,1.16504,1.16513,504,3,0,1.164941810698677,1.1638046976871461
1780016400,1.16513,1.16519,1.16502,1.16514,281,2,0,1.1649858527656378,1.1638832448820198
1780018200,1.16514,1.16515,1.16498,1.16499,264,3,0,1.1649867743732738,1.1639483481242539
1780020000,1.16499,1.16528,1.16499,1.16514,284,3,0,1.1650208245125462,1.1640184452934152
1780021800,1.16513,1.1653,1.16505,1.16523,283,2,0,1.1650673079542027,1.164089713217332
1780023600,1.16523,1.16556,1.1652,1.16538,801,2,0,1.165136795075491,1.1641656124398418
1780025400,1.16538,1.16538,1.16473,1.16487,774,1,0,1.1650775072809374,1.1642070470022041
1780027200,1.16487,1.16564,1.16478,1.16539,1017,1,0,1.1651469501073959,1.1642766324726628
1780029000,1.16539,1.16539,1.16433,1.16445,1017,0,0,1.1649920723057523,1.164286830562506
1780030800,1.16445,1.16477,1.16435,1.16464,815,0,0,1.1649138340155851,1.1643076052352996
1780032600,1.16464,1.16493,1.16447,1.16448,528,2,0,1.1648174264565663,1.1643177461038114
1780034400,1.16448,1.1645,1.16397,1.1641,716,0,0,1.164657998355107,1.1643049375094696
1780036200,1.1641,1.16412,1.16359,1.16372,718,2,0,1.1644495542761943,1.1642705294206772
1780038000,1.16371,1.16391,1.16353,1.16356,655,2,0,1.164251875548151,1.1642287335724022
1780039800,1.16356,1.16392,1.16341,1.1639,520,0,0,1.1641736809818952,1.1642093963034372
1780041600,1.1639,1.16436,1.16381,1.16415,626,0,0,1.164168418541474,1.164205902403235
1780043400,1.16414,1.16428,1.16395,1.16421,559,1,0,1.1641776588655908,1.1642061434383386
1780045200,1.16419,1.16478,1.16419,1.16454,1290,1,0,1.1642581791176818,1.1642257820596127
1780047000,1.16454,1.16543,1.16449,1.16534,1352,0,0,1.164498583758197,1.1642913242914001
1780048800,1.16534,1.16534,1.16414,1.16434,1554,0,0,1.164463342923042,1.1642941875683768
1780050600,1.16435,1.16446,1.16377,1.1642,1404,0,0,1.164404822273477,1.1642886471231781
1780052400,1.1642,1.1642,1.16337,1.16388,1862,0,0,1.1642881951015933,1.164264609057109
1780054200,1.16388,1.16396,1.16249,1.16282,1452,0,0,1.1639619295234613,1.1641796320537496
1780056000,1.16282,1.16385,1.16266,1.16365,1632,1,0,1.163892611851581,1.1641484772270583
1780057800,1.16365,1.16428,1.1633,1.16415,1205,0,0,1.1639498092178964,1.1641485668019371
1780059600,1.16416,1.16451,1.16378,1.16425,1046,0,0,1.1640165182805862,1.1641545334606467
1780061400,1.16425,1.16443,1.16407,1.1643,1042,0,0,1.1640795142182336,1.1641630903159028
1780063200,1.16429,1.16448,1.16398,1.16433,1236,0,0,1.1641351777252928,1.1641729085326142
1780065000,1.16433,1.16482,1.16405,1.16474,1345,0,0,1.1642695826752278,1.164206266854225
1780066800,1.16477,1.16486,1.16428,1.16464,1213,0,0,1.1643518976362883,1.1642317805686822
1780068600,1.16464,1.16489,1.16414,1.16488,1459,0,0,1.164469253717113,1.1642699111234656
1780070400,1.16488,1.16531,1.16464,1.16498,1666,0,0,1.164582752891088,1.1643116810573793
1780072200,1.16498,1.16521,1.16448,1.16473,1866,0,0,1.1646154744708461,1.164336288054004
1780074000,1.16475,1.16509,1.16417,1.16459,2122,0,0,1.1646098134773248,1.1643512122861215
1780075800,1.16459,1.16744,1.16403,1.16685,4296,0,0,1.165107632704586,1.1644981997987027
1780077600,1.16685,1.16818,1.16672,1.16751,3421,0,0,1.165641492103567,1.164675364516426
1780079400,1.16751,1.16858,1.16742,1.16779,2950,0,0,1.1661189383027744,1.1648585783684011
1780081200,1.1678,1.16791,1.16677,1.16697,1470,0,0,1.16630806312438,1.164982779640848
1780083000,1.16697,1.16746,1.16666,1.16721,1617,0,0,1.1665084935411845,1.1651137926031512
1780084800,1.1672,1.16734,1.16658,1.16677,1172,0,0,1.1665666060875879,1.1652112165676716
1780086600,1.16678,1.16681,1.1662,1.16622,1132,2,0,1.1664895825125683,1.1652705567695734
1780088400,1.16621,1.16659,1.16615,1.16645,1105,0,0,1.1664807863986641,1.1653399357831278
1780090200,1.16645,1.16686,1.16604,1.16641,1232,0,0,1.16646505608785,1.1654028807370613
1780092000,1.16641,1.16694,1.1664,1.16679,828,0,0,1.1665372658461055,1.1654844759878225
1780093800,1.1668,1.16687,1.16637,1.16646,1152,0,0,1.1665200956580821,1.1655418597532445
1780095600,1.16645,1.16648,1.16606,1.16612,643,3,0,1.1664311855118417,1.1655758680030537
1780097400,1.16612,1.16623,1.16584,1.16606,931,0,0,1.1663486998425434,1.1656043463558152
1780272000,1.1652,1.16567,1.16516,1.16553,367,8,0,1.1661667665442004,1.1655999730407673
1780273800,1.16552,1.16604,1.16549,1.16599,440,4,0,1.1661274850899337,1.165622915803075
1780275600,1.16599,1.16599,1.16513,1.16535,783,0,0,1.165954710625504,1.165606861932306
1780277400,1.16535,1.1655,1.16522,1.16542,1063,0,0,1.1658358860420586,1.1655958700539348
1780279200,1.16543,1.16556,1.16533,1.16554,781,3,0,1.1657701335882678,1.165592583580174
1780281000,1.16554,1.16557,1.16483,1.16484,1314,0,0,1.1655634372353194,1.1655483139578107
1780282800,1.16485,1.16535,1.16455,1.16476,1532,0,0,1.1653848956274706,1.1655019425485276
1780284600,1.16476,1.16485,1.16449,1.16477,1013,1,0,1.1652482521546994,1.1654588871044966
1780286400,1.16477,1.16482,1.16436,1.16439,940,0,0,1.1650575294536551,1.1653960113924675
1780288200,1.16439,1.16454,1.16419,1.16447,776,2,0,1.1649269673528428,1.1653415401340872
1780290000,1.16447,1.16454,1.16437,1.16446,451,2,0,1.164823196829989,1.165289684832082
1780291800,1.16446,1.16468,1.16435,1.16463,564,2,0,1.1647802642011025,1.1652508798419594
1780293600,1.16463,1.1649,1.16433,1.16475,739,0,0,1.1647735388230798,1.1652214163218442
1780295400,1.16475,1.16486,1.16415,1.16438,526,1,0,1.1646860857512842,1.1651719212440885
1780297200,1.16438,1.16473,1.16434,1.16472,397,2,0,1.164693622250999,1.165145337641495
1780299000,1.16473,1.16484,1.16461,1.1648,466,2,0,1.164717261750777,1.1651250236625836
1780300800,1.1648,1.16523,1.16479,1.16513,598,0,0,1.1648089813617155,1.165125316388314
1780302600,1.16513,1.16532,1.16503,1.16513,630,2,0,1.16488031883689,1.1651255918948837
1780304400,1.16515,1.1656,1.165,1.16513,1382,1,0,1.1649358035398032,1.1651258511951847
1780306200,1.16513,1.16647,1.16508,1.16645,1764,0,0,1.1652722916420692,1.1652037423013504
1780308000,1.16643,1.16647,1.16556,1.16584,1590,0,0,1.1653984490549427,1.1652411692248004
1780309800,1.16583,1.1659,1.16517,1.16565,982,0,0,1.1654543492649556,1.1652652180939296
1780311600,1.16565,1.16601,1.16548,1.16587,1089,0,0,1.1655467160949655,1.165300793500169
1780313400,1.16588,1.166,1.16533,1.16578,1022,0,0,1.165598556962751,1.165328982117806
1780315200,1.16579,1.16605,1.16482,1.16497,1115,0,0,1.165458877637695,1.165307865522641
1780317000,1.16497,1.16514,1.16485,1.16507,1040,1,0,1.1653724603848739,1.1652938734330738
1780318800,1.16508,1.1651,1.16472,1.16484,847,1,0,1.1652541358549018,1.165267174995834
1780320600,1.16485,1.16503,1.1646,1.16474,755,0,0,1.1651398834427014,1.1652361647019613
1780322400,1.16474,1.16479,1.16416,1.1646,955,0,0,1.1650199093443234,1.1651987432489048
1780324200,1.1646,1.16482,1.16429,1.16458,711,0,0,1.1649221517122514,1.1651623465872045
1780326000,1.16458,1.16501,1.16454,1.16498,1204,0,0,1.1649350068873066,1.165151620317369
1780327800,1.16498,1.16504,1.1645,1.16473,1778,0,0,1.1648894498012385,1.1651268191222297
1780329600,1.16473,1.16482,1.16254,1.16272,4287,0,0,1.1644073498454077,1.1649852415268045
1780331400,1.16273,1.16294,1.16099,1.161,3782,0,0,1.1636501609908727,1.1647508155546396
1780333200,1.16089,1.16181,1.16068,1.16142,3637,0,0,1.1631545696595675,1.164554885227896
1780335000,1.16142,1.16183,1.16109,1.16175,2542,1,0,1.1628424430685524,1.1643898919791962
1780336800,1.16175,1.16227,1.16152,1.16216,2445,0,0,1.1626907890533187,1.164258721862773
1780338600,1.16216,1.16286,1.16215,1.1623,2188,0,0,1.16260394704147,1.1641435029296685
1780340400,1.1623,1.16259,1.16164,1.16213,1212,0,0,1.162498625476699,1.1640250615808645
1780342200,1.16213,1.16304,1.16207,1.16297,1557,0,0,1.1626033753707659,1.1639629991349314
1780344000,1.16297,1.16319,1.1625,1.16319,1324,0,0,1.1627337363994845,1.1639175285975825
1780345800,1.16319,1.16377,1.16296,1.16346,1783,0,0,1.16289512831071,1.1638906151506658
1780347600,1.16346,1.16352,1.16328,1.1633,636,2,0,1.1629850997972189,1.1638558730829798
1780349400,1.16331,1.16347,1.16305,1.16307,577,2,0,1.163003966508948,1.1638096452545692
1780351200,1.16307,1.16337,1.16295,1.1632,538,0,0,1.1630475295069596,1.1637737837690063
1780353000,1.1632,1.16334,1.16265,1.16316,1068,2,0,1.1630725229498575,1.1637376788414178
1780354800,1.16315,1.16336,1.16304,1.16315,304,3,0,1.1630897400721114,1.163703109497805
1780356600,1.16315,1.1633,1.16309,1.16313,439,3,0,1.1630986867227533,1.1636693971744048
1780358400,1.16308,1.16348,1.1628,1.16343,228,9,0,1.1631723118954747,1.1636553149876752
1780360200,1.16343,1.16358,1.16331,1.16344,242,3,0,1.1632317981409246,1.1636426494001648
1780362000,1.16342,1.16347,1.16323,1.1633,282,3,0,1.163246954109608,1.1636224935530963
1780363800,1.1633,1.1634,1.16329,1.16338,189,1,0,1.1632765198630284,1.1636082292264436
1780365600,1.16338,1.16356,1.16338,1.16346,179,3,0,1.1633172932267999,1.1635995098601821
1780367400,1.16346,1.1636,1.16327,1.16352,302,2,0,1.1633623391764,1.163594832809583
1780369200,1.16353,1.16354,1.16298,1.16331,739,1,0,1.1633507082483112,1.163578077938431
1780371000,1.1633,1.16347,1.16292,1.16313,689,1,0,1.163301661970909,1.1635517204126409
1780372800,1.16313,1.16368,1.16312,1.16335,802,1,0,1.1633124037551514,1.163539854506015
1780374600,1.16335,1.16352,1.16284,1.16305,713,0,0,1.1632540918095622,1.163511039535073
1780376400,1.16305,1.16341,1.16302,1.16337,563,2,0,1.1632798491852152,1.1635027430918332
1780378200,1.16337,1.16345,1.16302,1.16309,322,2,0,1.1632376604773895,1.163478464086431
1780380000,1.16309,1.16336,1.16307,1.1633,507,2,0,1.1632515137046362,1.163467966198994
1780381800,1.1633,1.16351,1.16326,1.16341,385,2,0,1.1632867328813838,1.1634645564225825
1780383600,1.16341,1.16364,1.1634,1.16358,358,2,0,1.1633519033521873,1.1634713472212541
1780385400,1.16358,1.16387,1.16358,1.16377,416,2,0,1.163444813718368,1.1634889150317684
1780387200,1.16378,1.16396,1.16368,1.16375,502,2,0,1.163512632892064,1.163504272971076
1780389000,1.16375,1.16386,1.16362,1.1637,398,2,0,1.1635542700271608,1.1635157863257186
1780390800,1.1637,1.16502,1.1637,1.16489,1216,0,0,1.1638510989100141,1.1635966224242056
1780392600,1.16489,1.16522,1.16479,1.16504,1292,1,0,1.1641152991522332,1.1636815269874876
1780394400,1.16504,1.16507,1.16447,1.16467,1179,0,0,1.1642385660072927,1.1637396724588118
1780396200,1.16467,1.16493,1.16457,1.16486,1096,2,0,1.1643766624501164,1.1638055740788817
1780398000,1.16485,1.16525,1.16448,1.16462,1101,0,0,1.1644307374612017,1.1638534814860064
1780399800,1.16462,1.16476,1.16419,1.16435,814,2,0,1.164412795803157,1.1638826884574178
1780401600,1.16435,1.16438,1.16401,1.16433,1061,0,0,1.1643943967357888,1.163909000901099
1780403400,1.16433,1.16448,1.1641,1.16431,898,0,0,1.1643756419056135,1.1639325890833871
1780405200,1.16431,1.16454,1.16383,1.16426,846,1,0,1.164349943704366,1.16395184854907
1780407000,1.16426,1.1646,1.16416,1.16436,764,2,0,1.1643521784367292,1.1639758574579482
1780408800,1.16436,1.16467,1.16435,1.16467,876,2,0,1.1644228054507895,1.1640166893721866
1780410600,1.16467,1.16527,1.16462,1.16493,802,1,0,1.164535515350614,1.1640704135267639
1780412400,1.16493,1.16539,1.16473,1.16522,1084,0,0,1.1646876230504777,1.1641380362604836
1780414200,1.16522,1.16556,1.16492,1.16503,1361,0,0,1.1647637068170382,1.1641905047157493
1780416000,1.16503,1.16523,1.16455,1.16455,1728,0,0,1.164716216413252,1.1642116514971759
1780417800,1.16456,1.1648,1.16394,1.16432,1772,0,0,1.1646281683214184,1.1642180249385186
1780419600,1.16432,1.16437,1.16361,1.16397,1999,0,0,1.1644819086944365,1.1642034352362527
1780421400,1.16396,1.16499,1.16393,1.16435,1832,0,0,1.1644525956512284,1.1642120566929437
1780423200,1.16434,1.1645,1.16355,1.16368,1657,0,0,1.1642809077287333,1.1641807592404176
1780425000,1.16368,1.16416,1.16363,1.16404,1206,0,0,1.1642273726779035,1.164172479285099
1780426800,1.16404,1.1641,1.16303,1.16306,1000,0,0,1.1639679565272583,1.164107039327152
1780428600,1.16306,1.16315,1.16268,1.16283,740,0,0,1.1637150772989786,1.1640319193667312
1780430400,1.16283,1.16297,1.16231,1.16242,967,0,0,1.16342728234365,1.1639371005804529
1780432200,1.16242,1.16251,1.16201,1.16214,504,1,0,1.1631412196006168,1.1638313887816027
1780434000,1.16214,1.16226,1.16134,1.16205,941,0,0,1.1628987263560353,1.1637266012062142
1780435800,1.16205,1.16299,1.16205,1.16284,909,0,0,1.1628856760546942,1.163674448194084
1780437600,1.16284,1.1633,1.16284,1.16317,589,0,0,1.162948859153651,1.1636447747709027
1780439400,1.16317,1.16325,1.16306,1.16322,646,1,0,1.163009112675062,1.163619788019673
1780441200,1.16321,1.16346,1.16313,1.16317,372,3,0,1.1630448654139371,1.1635933299008685
1780443000,1.16317,1.16323,1.16298,1.16309,556,3,0,1.163054895321951,1.1635637222596409
1780444800,1.16314,1.16317,1.16289,1.16305,1524,7,0,1.1630538074726287,1.1635335033031915
1780446600,1.16305,1.16324,1.16279,1.16288,329,5,0,1.1630151835898221,1.1634950619324156
1780448400,1.16292,1.16299,1.16268,1.16285,351,0,0,1.1629784761254172,1.1634571171128618
1780450200,1.16285,1.16291,1.16263,1.16265,369,3,0,1.16290548143088,1.1634096396356346
1780452000,1.16265,1.16273,1.1622,1.16228,694,3,0,1.1627664855573512,1.163343190245303
1780453800,1.16228,1.16234,1.16196,1.1621,625,0,0,1.1626183776557175,1.163270061407344
1780455600,1.1621,1.16273,1.16203,1.16271,972,2,0,1.1626387381766692,1.1632371166186766
1780457400,1.16271,1.16306,1.16268,1.16286,654,2,0,1.1626879074707428,1.163214933288166
1780459200,1.16287,1.16309,1.16261,1.16305,1003,1,0,1.1627683724772444,1.1632052313300387
1780461000,1.16305,1.16333,1.16275,1.16294,800,2,0,1.1628065119267457,1.1631896294870951
1780462800,1.16294,1.16319,1.16283,1.16285,493,2,0,1.1628161759430244,1.1631696512819718
1780464600,1.16285,1.16295,1.16248,1.16281,791,2,0,1.1628148035112411,1.1631484953242086
1780466400,1.1628,1.16295,1.16269,1.16269,640,2,0,1.1627870693976319,1.1631215250110198
1780468200,1.16269,1.16294,1.16262,1.16274,566,2,0,1.1627766095314915,1.163099082363313
1780470000,1.16274,1.1628,1.16247,1.16247,346,2,0,1.162708474080049,1.1630620775184122
1780471800,1.16247,1.16259,1.16243,1.16255,448,2,0,1.162673257617816,1.1630319553114468
1780473600,1.16255,1.1627,1.16217,1.16222,546,2,0,1.162572533702746,1.1629841932343028
1780475400,1.16222,1.1624,1.16185,1.16186,814,1,0,1.1624141928799134,1.1629180642205204
1780477200,1.16186,1.16224,1.16122,1.16159,1564,0,0,1.1622310389065993,1.1628399427957838
1780479000,1.16159,1.16186,1.16131,1.16163,1342,0,0,1.1620974747051327,1.1627687696901496
1780480800,1.16162,1.16207,1.16131,1.16138,1314,0,0,1.16193803588177,1.162687077355435
1780482600,1.16137,1.16244,1.16128,1.16161,2024,0,0,1.1618651390191546,1.1626237198639389
1780484400,1.16161,1.16165,1.16108,1.16128,1600,0,0,1.1617351081260092,1.1625446775190014
1780486200,1.16128,1.16154,1.16068,1.16094,2748,0,0,1.1615584174313405,1.162450284723766
1780488000,1.16094,1.16159,1.16092,1.16131,1599,0,0,1.1615032135577092,1.1623832091517798
1780489800,1.16131,1.16156,1.16097,1.16134,1203,0,0,1.1614669438782184,1.1623218439075573
1780491600,1.16134,1.16229,1.16127,1.16154,1834,0,0,1.1614831785719475,1.1622758530894657
1780493400,1.16154,1.16177,1.16147,1.16159,811,0,0,1.1615069166670704,1.1622355087900853
1780495200,1.16159,1.16202,1.16153,1.162,938,0,0,1.1616164907410547,1.162221655331845
1780497000,1.162,1.16225,1.16161,1.16178,1061,1,0,1.1616528261319314,1.1621956756064424
1780498800,1.16178,1.16185,1.16068,1.16069,1318,0,0,1.1614388647692802,1.1621071064531223
1780500600,1.16069,1.16069,1.15966,1.16005,1692,0,0,1.1611302281538847,1.1619861001911738
1780502400,1.16004,1.16047,1.15973,1.1604,1745,0,0,1.1609679552307992,1.1618928001799282
1780504200,1.1604,1.16062,1.15987,1.16027,2555,0,0,1.1608128540683993,1.1617973413458147
1780506000,1.16027,1.16086,1.15996,1.16037,2857,0,0,1.1607144420531994,1.1617133800901784
1780507800,1.16037,1.16122,1.15947,1.16121,3115,0,0,1.1608245660413772,1.1616837694966384
1780509600,1.16121,1.16129,1.16024,1.16074,2700,0,0,1.1608057735877377,1.161628253643895
1780511400,1.16074,1.16103,1.1604,1.16047,1817,0,0,1.160731157234907,1.161560121076607
1780513200,1.16049,1.16049,1.15957,1.15994,1766,2,0,1.1605553445160388,1.1614648198368067
1780515000,1.15994,1.16017,1.15951,1.16,1452,0,0,1.1604319346235856,1.1613786539640532
1780516800,1.16,1.16035,1.1597,1.15973,958,0,0,1.1602759491516776,1.1612816743191088
1780518600,1.15973,1.15997,1.15968,1.15984,648,2,0,1.1601790715624158,1.1611968699473965
1780520400,1.15984,1.15993,1.15952,1.15977,673,0,0,1.1600881667707679,1.1611129364210788
1780522200,1.15977,1.15998,1.15954,1.15983,802,2,0,1.160030796377264,1.16103746957278
1780524000,1.15983,1.16009,1.15971,1.15973,841,2,0,1.159963952737872,1.1609605595979107
1780525800,1.15973,1.15991,1.15972,1.1598,732,2,0,1.1599275187961227,1.160892291386269
1780527600,1.1598,1.16003,1.15969,1.15993,472,2,0,1.159928070174762,1.1608356860106062
1780529400,1.15994,1.16,1.15975,1.15978,452,0,0,1.1598951656914815,1.1607735868335116
1780531200,1.1597,1.15999,1.15968,1.15991,193,10,0,1.1598984622044857,1.1607227876080108
1780533000,1.15994,1.16009,1.15967,1.15975,542,3,0,1.159865470603489,1.1606655648075397
1780534800,1.15975,1.1599,1.15945,1.15967,363,1,0,1.1598220326916024,1.160607002171802
1780536600,1.15967,1.16123,1.15966,1.16058,791,0,0,1.1599904698712464,1.1606054138087547
1780538400,1.16058,1.16084,1.16013,1.16051,596,0,0,1.1601059210109694,1.1605998012317693
1780540200,1.16051,1.16106,1.16047,1.16088,566,0,0,1.1602779385640873,1.1606162835122533
1780542000,1.16089,1.16126,1.16054,1.16094,1265,0,0,1.1604250633276236,1.1606353256585915
1780543800,1.16094,1.16119,1.16058,1.16066,915,2,0,1.1604772714770406,1.1606367770904389
1780545600,1.16067,1.16085,1.16039,1.16077,1170,2,0,1.1605423222599205,1.1606446137321778
1780547400,1.16077,1.16101,1.16071,1.16095,862,2,0,1.1606329173132715,1.160662577630285
1780549200,1.16095,1.16103,1.16062,1.16076,857,1,0,1.1606611579103223,1.1606683083579152
1780551000,1.16077,1.16111,1.16077,1.161,598,2,0,1.160736456152473,1.1606878196309791
1780552800,1.161,1.161,1.16025,1.16034,570,0,0,1.1606483547852566,1.1606673596526862
1780554600,1.16034,1.16061,1.16027,1.1606,408,2,0,1.1606376092774218,1.1606633973201752
1780556400,1.1606,1.16061,1.16038,1.16059,430,2,0,1.1606270294379946,1.1606590798307532
1780558200,1.16059,1.16129,1.16059,1.16096,871,0,0,1.160701022896218,1.1606767810171794
1780560000,1.16096,1.16104,1.16054,1.16056,700,2,0,1.1606696844748363,1.1606699115455807
1780561800,1.16056,1.16104,1.16052,1.16097,671,2,0,1.160736421258206,1.1606875638076055
1780563600,1.16097,1.16127,1.1607,1.16104,1185,1,0,1.160803883200827,1.1607082953483348
1780565400,1.16104,1.16149,1.16079,1.16106,1504,0,0,1.1608607980450876,1.160728983857256
1780567200,1.16105,1.16126,1.16037,1.16062,1533,1,0,1.1608072873684014,1.1607225730421233
1780569000,1.16062,1.16071,1.15984,1.16039,1431,2,0,1.16071455684209,1.1607030099219984
1780570800,1.16038,1.16108,1.16035,1.16103,1514,1,0,1.1607846553216257,1.160722244632469
1780572600,1.16104,1.1614,1.16066,1.16131,1236,0,0,1.1609013985834866,1.1607568184776178
1780574400,1.16131,1.16224,1.16131,1.16205,1559,0,0,1.1611566433427118,1.1608328879789342
1780576200,1.16205,1.16282,1.16192,1.16257,1468,0,0,1.161470722599887,1.160935071038997
1780578000,1.16254,1.16305,1.16252,1.16287,1211,0,0,1.1617816731332455,1.1610488903896443
1780579800,1.16287,1.16341,1.16276,1.16303,1400,0,0,1.1620590791036354,1.161165426249077
1780581600,1.16304,1.16434,1.16302,1.16406,1863,0,0,1.1625037281917163,1.161335695293249
1780583400,1.16406,1.16453,1.16369,1.16417,1832,0,0,1.1628740108157793,1.1615024190995284
1780585200,1.16417,1.1645,1.16344,1.16382,2029,0,0,1.163084230634495,1.1616387473877914
1780587000,1.16382,1.16433,1.16368,1.16368,1871,2,0,1.1632166238268296,1.1617588210708625
1780588800,1.16368,1.16398,1.16339,1.16364,1570,0,0,1.1633107074208673,1.1618694786549293
1780590600,1.16365,1.16397,1.16347,1.16359,2221,0,0,1.1633727724384524,1.1619706857928747
1780592400,1.16359,1.16398,1.16313,1.16315,1836,0,0,1.1633232674521297,1.1620400572168232
1780594200,1.16315,1.16332,1.1629,1.16305,1511,0,0,1.1632625413516564,1.1620994656158337
1780596000,1.16305,1.16315,1.16223,1.16235,1708,0,0,1.1630597543846215,1.1621142029325493
1780597800,1.16235,1.16299,1.16224,1.16282,1446,2,0,1.1630064756324834,1.1621557204071054
1780599600,1.16282,1.16295,1.16263,1.1628,820,2,0,1.1629605921585981,1.1621936192066873
1780601400,1.1628,1.16288,1.16231,1.16233,725,1,0,1.1628204605677985,1.162201641606294
1780603200,1.16233,1.1624,1.16198,1.16201,587,0,0,1.162640358219399,1.1621903685706296
1780605000,1.16201,1.16219,1.16194,1.16207,544,2,0,1.1625136119484214,1.1621832880664749
1780606800,1.16207,1.16224,1.16165,1.16165,528,0,0,1.1623216981821056,1.1621519181802118
1780608600,1.16165,1.16179,1.16132,1.16149,707,0,0,1.16213687636386,1.1621129818166698
1780610400,1.16149,1.1616,1.16112,1.16123,650,2,0,1.1619353482830022,1.1620610417098067
1780612200,1.16123,1.1613,1.16104,1.16124,592,0,0,1.161780826442335,1.1620127451386415
1780614000,1.16124,1.16133,1.16085,1.1609,381,2,0,1.1615850872329272,1.161947289542251
1780615800,1.1609,1.16119,1.16079,1.16102,418,3,0,1.1614595122922766,1.161892743098589
1780617600,1.16091,1.16149,1.16091,1.16142,338,5,0,1.1614507317828817,1.1618649346810248
1780619400,1.16142,1.16156,1.16108,1.16132,498,3,0,1.1614216802755746,1.161832879699788
1780621200,1.16132,1.16135,1.16117,1.16127,270,3,0,1.161387973547669,1.1617997691292123
1780623000,1.16126,1.16129,1.16107,1.16119,191,3,0,1.1613439794259648,1.1617639003569056
1780624800,1.16119,1.16136,1.16118,1.16128,242,3,0,1.1613297617757505,1.1617354356300287
1780626600,1.16129,1.16133,1.16118,1.16122,262,3,0,1.1613053702700282,1.161705115887086
1780628400,1.16123,1.16141,1.16109,1.16129,1002,0,0,1.1613019546544665,1.1616806973054925
1780630200,1.16129,1.16136,1.16109,1.16127,790,2,0,1.1612948536201406,1.1616565386404636
1780632000,1.16127,1.16139,1.16097,1.16116,1251,2,0,1.1612648861489983,1.161627330485142
1780633800,1.16116,1.16149,1.16111,1.16135,1047,2,0,1.1612838003381099,1.1616110169271927
1780635600,1.16135,1.16166,1.16124,1.1616,667,0,0,1.1613540669296412,1.161610368872652
1780637400,1.1616,1.1616,1.16134,1.16139,582,2,0,1.1613620520563877,1.16159740599779
1780639200,1.16139,1.16156,1.16136,1.16145,613,2,0,1.161381596043857,1.1615887350567435
1780641000,1.16145,1.1615,1.16136,1.16148,433,2,0,1.1614034635896664,1.161582338876935
1780642800,1.16148,1.16165,1.16137,1.16137,592,2,0,1.1613960272364072,1.1615698483547625
1780644600,1.16137,1.1617,1.16137,1.16159,508,2,0,1.1614391322949835,1.1615710337456588
1780646400,1.16159,1.16164,1.16148,1.16159,461,2,0,1.161472658451654,1.161572149407679
1780648200,1.16159,1.16193,1.16153,1.16155,581,0,0,1.1614898454623974,1.161570846501345
1780650000,1.16155,1.16179,1.16128,1.16178,1108,2,0,1.1615543242485313,1.1615831496483249
1780651800,1.16178,1.16227,1.16173,1.16222,1133,0,0,1.1617022521933023,1.1616206114337175
1780653600,1.16221,1.16301,1.16217,1.16298,1823,0,0,1.1619861961503462,1.1617005754670282
1780655400,1.16298,1.16371,1.1628,1.16319,1661,0,0,1.162253708116936,1.16178818867485
1780657200,1.16319,1.16398,1.16317,1.16378,1791,0,0,1.1625928840909503,1.1619053540469177
1780659000,1.16378,1.16396,1.16359,1.16365,1404,1,0,1.1628277987374058,1.1620079802794518
1780660800,1.16365,1.16443,1.16335,1.16391,1824,0,0,1.1630682879068712,1.1621198637924253
1780662600,1.16391,1.16403,1.16363,1.16387,1091,2,0,1.1632464461497887,1.162222812981106
1780664400,1.16385,1.16424,1.16373,1.16421,951,1,0,1.1634605692276134,1.1623397063351586
1780666200,1.16421,1.16442,1.16378,1.16403,1218,0,0,1.163587109399255,1.162439135374267
1780668000,1.16403,1.16405,1.16343,1.16389,1481,0,0,1.1636544184216429,1.1625244803522512
1780669800,1.16388,1.16419,1.16332,1.16415,1447,0,0,1.1637645476612777,1.16262009915506
1780671600,1.16415,1.16428,1.16345,1.16345,1999,0,0,1.1636946481809938,1.1626689168518212
1780673400,1.16345,1.16352,1.15862,1.15865,5589,0,0,1.162573615251884,1.1624325099781845
1780675200,1.15865,1.15997,1.15838,1.15846,5330,0,0,1.1616594785292431,1.1621988329206443
1780677000,1.15846,1.15866,1.15714,1.15719,4593,0,0,1.1606662610783,1.1619041956900182
1780678800,1.15719,1.15805,1.15535,1.15558,4680,0,0,1.1595359808386778,1.1615321841788406
1780680600,1.15558,1.15618,1.15481,1.1559,3723,0,0,1.1587279850967493,1.1612008792271442
1780682400,1.15589,1.156,1.15424,1.1546,3840,0,0,1.1578106550752496,1.1608125922137829
1780684200,1.1546,1.1548,1.15303,1.15322,2895,0,0,1.1567905095029718,1.1603659691423838
1780686000,1.15322,1.15325,1.15222,1.15263,3372,0,0,1.1558659518356447,1.1599109121340083
1780687800,1.15264,1.1533,1.15215,1.15322,2202,0,0,1.1552779625388347,1.159517329067302
1780689600,1.15322,1.1533,1.15255,1.15268,2033,0,0,1.1547006375302047,1.1591151332398137
1780691400,1.1527,1.15275,1.15181,1.15242,1956,1,0,1.1541938291901592,1.1587213018727658
1780693200,1.15243,1.15259,1.1519,1.15224,2000,0,0,1.1537596449256793,1.1583400488214266
1780695000,1.15224,1.15289,1.15207,1.15229,1741,0,0,1.1534330571644174,1.1579841635966368
1780696800,1.15229,1.15235,1.15177,1.15218,1521,0,0,1.153154600016769,1.1576427422085993
1780698600,1.15218,1.15273,1.15193,1.15251,1480,0,0,1.153011355568598,1.1573408161963288
1780700400,1.1525,1.15252,1.15169,1.15234,815,3,0,1.1528621654422428,1.157046650537721
1780702200,1.15235,1.15261,1.15186,1.15199,997,3,0,1.1526683508995221,1.1567492005060904
1780876800,1.15085,1.15136,1.15009,1.15132,400,20,0,1.1523687173662949,1.156429835770438
1780878600,1.15132,1.15139,1.15072,1.15092,455,12,0,1.152046780173785,1.1561057277839415
1780880400,1.15092,1.15186,1.15087,1.15134,1542,0,0,1.151889717912944,1.1558253908554743
1780882200,1.15134,1.15165,1.15099,1.1513,883,0,0,1.1517586694878452,1.1555591913933876
1780884000,1.1513,1.15201,1.1513,1.15181,751,0,0,1.151770076268324,1.1553386507231882
1780885800,1.15181,1.15227,1.15174,1.15218,598,2,0,1.1518611704309187,1.1551528477394712
1780887600,1.15218,1.15246,1.15208,1.15225,881,0,0,1.1519475770018257,1.1549820919900906
1780889400,1.15226,1.15335,1.15224,1.15328,1366,0,0,1.1522436710014201,1.15488196893185
1780891200,1.1533,1.15347,1.15176,1.15194,2795,0,0,1.1521761885566602,1.154708911935859
1780893000,1.15194,1.1527,1.15114,1.15264,2825,0,0,1.1522792577662913,1.1545872112337494
1780894800,1.15264,1.153,1.152,1.1529,1621,0,0,1.1524172004848932,1.154487963514117
1780896600,1.1529,1.15315,1.15259,1.15285,1437,0,0,1.1525133781549168,1.154391612719169
1780898400,1.15285,1.15291,1.15255,1.15271,982,2,0,1.1525570718982687,1.1542926943239236
1780900200,1.15271,1.15324,1.15271,1.15323,996,2,0,1.1527066114764313,1.1542301828931043
1780902000,1.15322,1.15334,1.15289,1.15333,775,2,0,1.1528451422594466,1.1541772309582157
1780903800,1.15333,1.15339,1.15291,1.15304,1007,0,0,1.1528884439795697,1.154110335019497
1780905600,1.15304,1.15398,1.15304,1.15343,1647,1,0,1.1530087897618875,1.1540703153124676
1780907400,1.15343,1.15347,1.15171,1.15192,2397,0,0,1.152766836481468,1.15394382617644
1780909200,1.15192,1.15249,1.15154,1.15235,2709,0,0,1.1526742061522528,1.1538500716954732
1780911000,1.15235,1.15235,1.15121,1.15152,2181,0,0,1.1524177158961966,1.153713008654563
1780912800,1.15152,1.15268,1.15133,1.15233,2907,0,0,1.1523982234748196,1.1536316552042947
1780914600,1.15233,1.15264,1.15156,1.15165,2382,0,0,1.1522319515915262,1.1535150872511009
1780916400,1.15165,1.15233,1.15136,1.15199,2472,0,0,1.152178184571187,1.1534253762363302
1780918200,1.15199,1.15209,1.15071,1.15082,2518,0,0,1.1518763657775897,1.1532721188106636
1780920000,1.15082,1.15112,1.15008,1.15017,2405,0,0,1.1514971733825696,1.1530896412335658
1780921800,1.1502,1.15144,1.14991,1.15125,2871,0,0,1.1514422459642208,1.152981427043356
1780923600,1.15125,1.15202,1.15093,1.15174,2279,0,0,1.1515084135277274,1.1529084019231586
1780925400,1.15174,1.15318,1.1515,1.15244,2664,0,0,1.151715432743788,1.1528808488688551
1780927200,1.15244,1.15421,1.15227,1.15404,3874,0,0,1.1522320032451683,1.1529490342295106
1780929000,1.15404,1.15438,1.15327,1.15364,2988,0,0,1.1525448914129086,1.1529896792748335
1780930800,1.15364,1.15434,1.15358,1.15391,3159,0,0,1.1528482488767067,1.1530438157880785
1780932600,1.15391,1.15436,1.15346,1.1542,2670,0,0,1.1531486380152163,1.1531118266240739
1780934400,1.1542,1.15547,1.15404,1.15494,3543,0,0,1.1535467184562793,1.1532193662344226
1780936200,1.15494,1.15524,1.15413,1.15413,4297,0,0,1.153676336577106,1.1532729329265154
1780938000,1.15413,1.15445,1.15309,1.15364,3272,0,0,1.1536682617821936,1.1532945251073088
1780939800,1.15364,1.15427,1.15318,1.15424,3295,0,0,1.153795314719484,1.153350141277467
1780941600,1.15424,1.15478,1.15392,1.15393,2928,0,0,1.153825244781821,1.1533842506140866
1780943400,1.15393,1.15469,1.15356,1.15441,2404,0,0,1.1539551903858607,1.1534445888132578
1780945200,1.15441,1.1546,1.15407,1.1541,1764,0,0,1.153987370300114,1.153483142412478
1780947000,1.1541,1.15436,1.15382,1.15388,1523,0,0,1.153963510233422,1.15350648697645
1780948800,1.15388,1.15415,1.15372,1.15394,2025,0,0,1.153958285737106,1.153531987742541
1780950600,1.15394,1.15407,1.15351,1.15379,1517,0,0,1.1539208889066381,1.1535471649341562
1780952400,1.15379,1.1542,1.15379,1.15406,1169,2,0,1.1539518024829407,1.1535773317027351
1780954200,1.15406,1.15417,1.15276,1.15283,1681,1,0,1.1537025130422873,1.153533371014339
1780956000,1.15283,1.15336,1.15281,1.1532,1446,2,0,1.1535908434773345,1.153513760954672
1780957800,1.1532,1.15342,1.15288,1.15307,1834,1,0,1.1534751004823713,1.1534876573691029
1780959600,1.15306,1.15335,1.15296,1.15325,646,0,0,1.1534250781529556,1.1534736775238614
1780961400,1.15326,1.15327,1.15308,1.15322,483,3,0,1.1533795052300766,1.1534587553165754
1780963200,1.1534,1.15397,1.15321,1.15337,374,8,0,1.1533773929567261,1.1534535344156003
1780965000,1.15337,1.15381,1.15337,1.15366,319,3,0,1.153440194521898,1.1534656794499767
1780966800,1.15366,1.15366,1.15319,1.15331,544,3,0,1.1534112624059207,1.1534565218352721
1780968600,1.15329,1.15339,1.15321,1.15334,308,3,0,1.1533954263157162,1.153449667609668
1780970400,1.15334,1.1534,1.15298,1.15307,336,3,0,1.153323109356668,1.1534273342208639
1780972200,1.15307,1.1531,1.15274,1.15278,580,2,0,1.1532024183885197,1.1533892557372836
1780974000,1.15278,1.15301,1.15257,1.15288,1487,2,0,1.1531307698577375,1.1533592995174433
1780975800,1.15288,1.15316,1.15266,1.15313,1150,2,0,1.1531305987782403,1.153345811310535
1780977600,1.15313,1.15366,1.15304,1.15355,1395,2,0,1.1532237990497425,1.1533578224099152
1780979400,1.15355,1.15396,1.15346,1.15396,1388,2,0,1.153387399260911,1.1533932446210966
1780981200,1.15396,1.15403,1.15356,1.15389,1099,2,0,1.153499088314042,1.153422465525738
1780983000,1.15389,1.15396,1.15368,1.15375,924,2,0,1.153554846466477,1.153441732259518
1780984800,1.15375,1.15399,1.15336,1.15366,880,1,0,1.153578213918371,1.15345457153837
1780986600,1.15366,1.15381,1.15347,1.15371,835,1,0,1.1536074997142887,1.1534695967419952
1780988400,1.15379,1.15418,1.15361,1.15417,873,2,0,1.15373249977778,1.1535107969336424
1780990200,1.15417,1.15481,1.15394,1.15454,1113,1,0,1.1539119442716066,1.1535713382904869
1780992000,1.15453,1.15459,1.15389,1.15417,1299,0,0,1.1539692899890273,1.1536065536851643
1780993800,1.15417,1.15475,1.15412,1.15447,2111,0,0,1.1540805588803544,1.1536573446448604
1780995600,1.15447,1.15534,1.15425,1.15497,2132,0,0,1.154278212462498,1.153734559665751
1780997400,1.15497,1.15497,1.15428,1.15436,2107,1,0,1.1542963874708319,1.153771350273648
1780999200,1.15436,1.15468,1.1537,1.15397,2155,0,0,1.154223856921758,1.1537830355516687
1781001000,1.15397,1.15438,1.15378,1.15392,1735,0,0,1.1541563331613673,1.1537910922839236
1781002800,1.15392,1.15454,1.15357,1.15444,2136,1,0,1.154219370236619,1.1538292633260456
1781004600,1.15444,1.15526,1.15438,1.15506,1766,1,0,1.1544061768507037,1.1539016596009841
1781006400,1.15506,1.15595,1.15502,1.15557,1674,0,0,1.154664804217214,1.1539997972715146
1781008200,1.15557,1.15637,1.1555,1.15613,1557,0,0,1.1549904032800553,1.1541251033143667
1781010000,1.15613,1.1566,1.15596,1.15652,1616,0,0,1.1553303136622652,1.154265979589992
1781011800,1.15652,1.15691,1.15636,1.15653,1096,0,0,1.1555969106262063,1.1543991572611692
1781013600,1.15653,1.15726,1.15645,1.15723,1362,1,0,1.1559598193759382,1.1545656774222768
1781015400,1.15723,1.15741,1.15665,1.15726,1613,0,0,1.1562487484035073,1.1547241669856723
1781017200,1.15725,1.15749,1.15688,1.15692,1811,2,0,1.1563979154249502,1.1548533336335738
1781019000,1.15693,1.15748,1.15685,1.15735,1598,2,0,1.1566094897749613,1.1550001963610106
1781020800,1.15735,1.15779,1.15706,1.15721,2118,0,0,1.1567429364916366,1.1551301848103628
1781022600,1.15722,1.15764,1.15626,1.15663,3612,0,0,1.1567178394934952,1.1552184092332827
1781024400,1.15663,1.15733,1.1558,1.15629,3954,0,0,1.1566227640504962,1.155281443984266
1781026200,1.15629,1.15692,1.15605,1.15622,3840,0,0,1.1565332609281638,1.155336653161662
1781028000,1.15622,1.15673,1.1557,1.15582,3365,0,0,1.156374758499683,1.155365085328623
1781029800,1.15582,1.15599,1.15449,1.1555,4018,0,0,1.1561803677219757,1.155373021485763
1781031600,1.1555,1.15574,1.154,1.15459,3939,0,0,1.1558269526726477,1.155326961398365
1781033400,1.15458,1.15474,1.15277,1.15408,5244,0,0,1.1554387409676148,1.155253610727873
1781035200,1.15408,1.1553,1.15394,1.15506,4020,0,0,1.1553545763081448,1.1552422218615277
1781037000,1.15506,1.15525,1.15454,1.1548,2727,0,0,1.155231337128557,1.1552162088108495
1781038800,1.1548,1.1553,1.15449,1.15514,2708,0,0,1.1552110399888775,1.155211725939623
1781040600,1.15514,1.15529,1.15475,1.15497,2177,0,0,1.1551574755469047,1.155197506766704
1781042400,1.15497,1.15502,1.15419,1.15429,1720,1,0,1.1549647032031483,1.1551441240157212
1781044200,1.15429,1.15439,1.15391,1.15414,2106,1,0,1.1547814358246709,1.1550850578971492
1781046000,1.15413,1.15453,1.15394,1.15432,862,3,0,1.1546788945302995,1.1550400544914345
1781047800,1.15432,1.15443,1.15425,1.15425,413,3,0,1.1545835846346775,1.1549935806978209
1781049600,1.15419,1.15444,1.15396,1.15398,235,6,0,1.1544494547158601,1.1549339583038314
1781051400,1.15398,1.154,1.15351,1.15381,396,3,0,1.1543073536678912,1.1548678431094883
1781053200,1.15381,1.15401,1.15361,1.15401,525,3,0,1.1542412750750264,1.1548173817501066
1781055000,1.15401,1.15403,1.15351,1.15361,627,3,0,1.1541009917250205,1.154746359294218
1781056800,1.15361,1.15389,1.15341,1.15347,472,1,0,1.1539607713416826,1.1546712793357345
1781058600,1.15347,1.15369,1.15329,1.15349,748,2,0,1.1538561554879754,1.1546017923159855
1781060400,1.15349,1.1542,1.15335,1.15414,1669,1,0,1.153919232046203,1.1545746280621039
1781062200,1.15414,1.15435,1.15324,1.15422,1891,0,0,1.1539860693692692,1.1545537675878625
1781064000,1.15422,1.15428,1.15378,1.15393,1703,0,0,1.1539736095094315,1.1545170753768117
1781065800,1.15394,1.15404,1.15346,1.15377,1989,1,0,1.15392836295178,1.154473129766411
1781067600,1.15377,1.15429,1.15367,1.15427,1201,1,0,1.154004282295829,1.154461180956622
1781069400,1.15427,1.15449,1.1541,1.15425,1166,1,0,1.1540588862300891,1.154448758547409
1781071200,1.15425,1.15497,1.15421,1.15466,1114,0,0,1.1541924670678472,1.1544611845152084
1781073000,1.15466,1.15521,1.15442,1.15503,1111,2,0,1.1543785854972146,1.1544946442496078
1781074800,1.15503,1.15505,1.15461,1.15485,1175,2,0,1.1544833442756113,1.1545155475290425
1781076600,1.15485,1.15487,1.15435,1.15463,1028,0,0,1.1545159344365865,1.1545222800273343
1781078400,1.15463,1.15498,1.15447,1.15494,1336,1,0,1.1546101712284562,1.1545468517904323
1781080200,1.15494,1.15555,1.15489,1.15535,1718,1,0,1.1547745776221325,1.1545940958027598
1781082000,1.15538,1.15582,1.15517,1.15556,2111,0,0,1.1549491159283254,1.1546509136967151
1781083800,1.15556,1.15564,1.15482,1.15487,1803,0,0,1.1549315346109197,1.1546638011263202
1781085600,1.15486,1.15586,1.15454,1.15535,1976,0,0,1.1550245269196042,1.1547041657659483
1781087400,1.15535,1.15552,1.15517,1.15536,1600,1,0,1.1550990764930256,1.1547427442503042
1781089200,1.15536,1.1554,1.1548,1.15531,2196,0,0,1.1551459483834643,1.1547761122355804
1781091000,1.15531,1.15535,1.15482,1.15535,1639,1,0,1.1551912931871389,1.1548098703393697
1781092800,1.15535,1.15567,1.15501,1.15526,1656,0,0,1.1552065613677747,1.1548363485547006
1781094600,1.15526,1.15596,1.15522,1.15578,1936,0,0,1.155333992174936,1.1548918574632476
1781096400,1.15578,1.15592,1.15542,1.15559,1487,0,0,1.155390882802728,1.154932924671292
1781098200,1.15559,1.15571,1.15494,1.15519,1692,0,0,1.1553462421798995,1.1549480467494513
1781100000,1.15521,1.15524,1.15352,1.15432,4470,0,0,1.155118188362144,1.1549111028230128
1781101800,1.15432,1.15447,1.15343,1.15365,2606,0,0,1.1547919242816675,1.154836920304012
1781103600,1.15365,1.15466,1.15352,1.15463,2739,0,0,1.1547559411079638,1.1548247485214231
1781105400,1.15463,1.15646,1.15421,1.15483,5123,0,0,1.1547723986395275,1.1548250574319276
1781107200,1.15483,1.15596,1.15468,1.15572,3462,0,0,1.1549829767196325,1.1548777011124025
1781109000,1.15572,1.1573,1.15559,1.15624,4342,0,0,1.1552623152263808,1.1549578363410846
1781110800,1.15625,1.1567,1.15546,1.1557,4622,0,0,1.1553595785094073,1.1550014930269032
1781112600,1.1557,1.15594,1.15497,1.15521,3928,0,0,1.1553263388406503,1.1550137581429678
1781114400,1.15521,1.15566,1.15462,1.15545,3888,0,0,1.1553538190982837,1.1550394194286755
1781116200,1.15546,1.15567,1.15345,1.15492,4594,0,0,1.1552574148542207,1.1550323947564005
1781118000,1.15492,1.15588,1.15482,1.1557,2960,0,0,1.1553557671088384,1.1550716656530828
1781119800,1.1557,1.15593,1.15517,1.15536,1772,1,0,1.1553567077513187,1.155088626497019
1781121600,1.15536,1.15565,1.15476,1.15495,1894,1,0,1.1552663282510256,1.1550804719971943
1781123400,1.15495,1.15531,1.15442,1.15522,1927,0,0,1.155256033084131,1.1550886795267712
1781125200,1.15522,1.15576,1.15491,1.15507,1993,0,0,1.1552146923987685,1.1550875807310788
1781127000,1.15508,1.1552,1.1547,1.15482,1475,0,0,1.15512698297682,1.155071840688074
1781128800,1.15481,1.15487,1.15418,1.15436,1577,2,0,1.1549565423153045,1.1550299677064226
1781130600,1.15436,1.15472,1.15404,1.15413,1903,1,0,1.1547728662452368,1.1549770284295742
1781132400,1.15415,1.15415,1.1536,1.1539,756,2,0,1.1545788959685175,1.15491367381607
1781134200,1.1539,1.15399,1.15342,1.15351,674,0,0,1.1543413635310693,1.154831104768066
1781136000,1.15349,1.15396,1.15343,1.15361,268,2,0,1.154178838301943,1.1547592750758267
1781137800,1.15361,1.15376,1.15344,1.15352,199,5,0,1.1540324297904,1.1546863765419546
1781139600,1.15352,1.15356,1.15275,1.15304,807,3,0,1.1538118898369778,1.154589530863016
1781141400,1.15304,1.15366,1.15287,1.15295,1174,3,0,1.153620358762094,1.1544930878710737
1781143200,1.15295,1.15364,1.15253,1.15356,1857,0,0,1.1536069457038507,1.1544382003492457
1781145000,1.15356,1.15377,1.15319,1.15349,1255,0,0,1.1535809577696616,1.1543824238581137
1781146800,1.15352,1.15426,1.15352,1.15412,2564,2,0,1.153700744931959,1.1543669871605777
1781148600,1.15412,1.15429,1.15384,1.15422,1653,0,0,1.1538161349470792,1.1543583408570144
1781150400,1.15422,1.15557,1.15416,1.15548,1797,0,0,1.1541858827366172,1.1544243208066016
1781152200,1.15548,1.1556,1.15522,1.15539,1133,0,0,1.154453464350702,1.154481125465037
1781154000,1.1554,1.15541,1.15469,1.15477,1658,2,0,1.1545238056061016,1.1544981180847405
1781155800,1.15477,1.15487,1.15453,1.15479,1411,1,0,1.1545829599158568,1.1545152876091676
1781157600,1.15479,1.1549,1.15437,1.15471,1129,1,0,1.1546111910456665,1.1545267412792166
1781159400,1.15471,1.15477,1.15435,1.1545,1115,2,0,1.1545864819244072,1.1545251682627922
1781161200,1.1545,1.15472,1.15417,1.15467,1130,0,0,1.1546050414967612,1.1545336877767456
1781163000,1.15467,1.15502,1.15455,1.15482,1106,2,0,1.1546528100530367,1.1545505296722312
1781164800,1.15482,1.15512,1.15457,1.155,1247,2,0,1.154729963374584,1.1545769691032763
1781166600,1.155,1.15513,1.15443,1.15473,1594,1,0,1.1547299715135653,1.1545859709207307
1781168400,1.15473,1.15473,1.15415,1.15433,1739,0,0,1.1546410889549952,1.1545709138077465
1781170200,1.15433,1.15468,1.15399,1.15415,1490,0,0,1.1545319580761073,1.1545461541719968
1781172000,1.15416,1.15555,1.15412,1.15531,2134,0,0,1.1547048562814168,1.1545910862795266
1781173800,1.15531,1.15542,1.15431,1.15449,1682,0,0,1.1546571104411019,1.1545851400277896
1781175600,1.15449,1.15453,1.15375,1.15389,1780,0,0,1.1544866414541903,1.1545442494379197
1781177400,1.15384,1.15401,1.15303,1.1532,1819,0,0,1.154200721131037,1.1544651759415714
1781179200,1.1532,1.15369,1.15286,1.15322,1590,0,0,1.1539827831019176,1.1543919302979495
1781181000,1.15322,1.15371,1.15298,1.15339,1565,0,0,1.1538510535237136,1.1543329932215995
1781182800,1.15339,1.15344,1.15221,1.15252,1827,0,0,1.1535552638517772,1.1542263465615052
1781184600,1.15252,1.15318,1.1524,1.15312,1529,0,0,1.1534585385513823,1.154161267352005
1781186400,1.15312,1.15394,1.15309,1.15375,1891,0,0,1.1535233077621863,1.154137075154828
1781188200,1.15375,1.15417,1.15345,1.15378,2215,0,0,1.1535803504817004,1.1541160707339557
1781190000,1.15383,1.15402,1.15158,1.15281,3848,0,0,1.1534091614857669,1.154039243043723
1781191800,1.15281,1.15435,1.15192,1.15396,5180,0,0,1.1535315700444855,1.1540345816882098
1781193600,1.15396,1.15403,1.15167,1.15301,3663,0,0,1.1534156655901553,1.1539743121771386
1781195400,1.15301,1.15396,1.1526,1.15294,4198,0,0,1.1533099621256764,1.1539134702843659
1781197200,1.15294,1.15304,1.15196,1.15215,3373,0,0,1.1530521927644148,1.1538097367382267
1781199000,1.15216,1.1522,1.15139,1.15192,2745,0,0,1.1528005943723225,1.153698575753625
1781200800,1.15192,1.15242,1.15129,1.1522,3308,0,0,1.1526671289562507,1.153610424238706
1781202600,1.1522,1.1523,1.15132,1.15143,2587,0,0,1.152392211410417,1.1534821639893702
1781204400,1.15145,1.15161,1.15067,1.15092,2176,0,0,1.1520650533192134,1.1533314484605837
1781206200,1.15092,1.15122,1.15069,1.15089,1769,2,0,1.151803930359388,1.1531878338452553
1781208000,1.15089,1.15238,1.15015,1.1523,2459,0,0,1.151914168057302,1.1531356083249462
1781209800,1.1523,1.15665,1.15229,1.15508,8810,0,0,1.1526176862667905,1.1532499843058317
1781211600,1.15508,1.15604,1.1541,1.15555,6659,0,0,1.153269311540837,1.153385279346665
1781213400,1.15556,1.15666,1.15481,1.15578,3911,0,0,1.15382724230954,1.1535261452674495
1781215200,1.15578,1.15813,1.15578,1.15804,3941,0,0,1.1547634106851976,1.15379166613407
1781217000,1.15804,1.15897,1.15767,1.15787,3927,0,0,1.155453763866265,1.1540315681261832
1781218800,1.15786,1.15834,1.15769,1.15802,1597,2,0,1.1560240385626506,1.1542661817658195
1781220600,1.15802,1.15817,1.15759,1.15779,1041,1,0,1.156416474437617,1.1544734651913595
1781222400,1.15775,1.15802,1.15739,1.15776,274,3,0,1.1567150356737022,1.1546667907683383
1781224200,1.15776,1.15793,1.15746,1.15764,283,3,0,1.1569205833017684,1.1548416854290242
1781226000,1.15764,1.15817,1.15719,1.15749,862,2,0,1.15704712034582,1.1549974686390816
1781227800,1.15749,1.15848,1.15722,1.15847,976,3,0,1.1573633158245267,1.155201735189724
1781229600,1.15847,1.15864,1.15764,1.15776,1086,0,0,1.1574514678635208,1.1553522213550342
1781231400,1.15776,1.15778,1.15737,1.15754,944,1,0,1.1574711416716272,1.1554809142165028
1781233200,1.15755,1.15764,1.15682,1.15703,2106,1,0,1.1573731101890434,1.1555720369096496
1781235000,1.15703,1.15719,1.15658,1.15696,1741,1,0,1.1572813079248117,1.1556536817973173
1781236800,1.15696,1.15701,1.15612,1.1562,1994,0,0,1.1570410172748535,1.155685818162181
1781238600,1.15619,1.15663,1.15613,1.15632,1402,0,0,1.156880791213775,1.1557231229761702
1781240400,1.15632,1.15704,1.15622,1.15648,1252,1,0,1.1567917264996028,1.1557676451540426
1781242200,1.15648,1.15673,1.15634,1.15667,1125,0,0,1.156764676166358,1.1558207248508636
1781244000,1.15667,1.15711,1.15647,1.15704,1412,0,0,1.1568258592405005,1.15589244691846
1781245800,1.15704,1.15751,1.15693,1.15716,1533,0,0,1.1569001127426115,1.1559670088644327
1781247600,1.15721,1.15725,1.15683,1.15717,1164,2,0,1.1569600876886978,1.1560377730488778
1781249400,1.15717,1.1575,1.15702,1.15712,1255,2,0,1.156995623757876,1.1561014334577673
1781251200,1.15712,1.15738,1.15638,1.15649,1751,0,0,1.1568832629227925,1.1561242903131927
1781253000,1.15649,1.15664,1.15565,1.15573,1827,0,0,1.156626982273283,1.1561010967653578
1781254800,1.15573,1.15682,1.15573,1.15674,2119,0,0,1.1566520973236647,1.156138679308572
1781256600,1.15674,1.15741,1.15648,1.15731,2560,1,0,1.156798297918406,1.1562075805257146
1781258400,1.1573,1.15733,1.15605,1.15605,2483,0,0,1.1566320094920934,1.1561983110830256
1781260200,1.15605,1.15674,1.15566,1.15665,2743,0,0,1.1566360073827393,1.156224881019318
1781262000,1.15665,1.15856,1.15639,1.1576,3800,0,0,1.1568502279643529,1.156305770371123
1781263800,1.15761,1.15832,1.15741,1.15765,2746,0,0,1.1570279550833855,1.1563848427022334
1781265600,1.15765,1.15895,1.15729,1.15879,3403,0,0,1.157419520620411,1.1565263225432785
1781267400,1.1588,1.15889,1.15797,1.15839,2346,0,0,1.1576351827047642,1.156635950628968
1781269200,1.15839,1.15855,1.15683,1.15742,2700,0,0,1.1575873643259276,1.1566820711802053
1781271000,1.15734,1.15795,1.15703,1.15737,2167,1,0,1.1575390611423881,1.1567225375813697
1781272800,1.15737,1.15778,1.15709,1.15737,1949,1,0,1.1575014919996351,1.156760623605995
1781274600,1.15747,1.15793,1.15697,1.15713,2094,0,0,1.1574189382219384,1.1567823516291718
1781276400,1.15714,1.15723,1.15598,1.15614,2263,0,0,1.1571347297281742,1.1567445662392204
1781278200,1.15614,1.15652,1.15598,1.15633,2211,0,0,1.156955900899691,1.1567201799898545
1781280000,1.15634,1.15764,1.15607,1.15759,2732,0,0,1.1570968118108709,1.1567713458728042
1781281800,1.15759,1.1579,1.15637,1.15694,9969,0,0,1.1570619647417884,1.1567812667038158
1781283600,1.15693,1.15776,1.1566,1.15693,11290,0,0,1.1570326392436132,1.1567900157212383
1781285400,1.15692,1.1579,1.15682,1.15734,12674,0,0,1.1571009416339213,1.1568223677376361
1781287200,1.15734,1.15836,1.15715,1.15824,10850,0,0,1.157354065715272,1.1569057578707163
1781289000,1.15824,1.15837,1.15729,1.1573,9465,0,0,1.1573420511118784,1.1569289485842036
1781290800,1.1573,1.15779,1.15694,1.15726,9642,0,0,1.157323817531461,1.1569484221968973
1781292600,1.15726,1.15756,1.15718,1.15746,6599,0,0,1.1573540803022475,1.1569785150088445
1781294400,1.15745,1.15775,1.15715,1.15755,6769,0,0,1.1573976180128591,1.1570121317730302
1781296200,1.15755,1.15766,1.1573,1.15746,6098,0,0,1.1574114806766682,1.157038476962852
1781298000,1.15746,1.15762,1.15722,1.15753,5787,0,0,1.1574378183040752,1.157067390082684
1781299800,1.15754,1.15786,1.15742,1.15748,4793,0,0,1.1574471920142808,1.1570916612542907
1781301600,1.15748,1.15779,1.15727,1.15748,5066,0,0,1.157454482677774,1.1571145047099207
1781303400,1.15748,1.15752,1.15687,1.15714,5992,0,0,1.1573845976382686,1.1571160044328666
1781305200,1.15714,1.15719,1.15681,1.15682,3621,0,0,1.1572591314964311,1.1570985924074038
1781307000,1.15682,1.15694,1.15654,1.1566,4454,0,0,1.1571126578305575,1.1570692634422624
1781481600,1.15746,1.15924,1.1573,1.1592,351,0,0,1.157576511645989,1.1571946008868352
1781483400,1.1592,1.16057,1.1592,1.16049,1105,0,0,1.158223953502436,1.157388447893492
1781485200,1.16049,1.16176,1.16034,1.16086,6249,0,0,1.1588097416130057,1.1575926568409334
1781487000,1.16085,1.16117,1.16038,1.16088,6127,0,0,1.1592697990323377,1.1577860299679372
1781488800,1.16088,1.16095,1.16036,1.16041,3658,0,0,1.1595231770251515,1.1579403811462938
1781490600,1.16042,1.16092,1.16022,1.16029,3954,0,0,1.1596935821306733,1.1580785940200413
1781492400,1.16029,1.16118,1.16028,1.16073,6819,0,0,1.159923897212746,1.158234559077686
1781494200,1.16073,1.16078,1.1598,1.15989,4889,0,0,1.1599163644988024,1.158331937955469
1781496000,1.15988,1.15996,1.15943,1.15981,5358,0,0,1.159892727943513,1.158418882781618
1781497800,1.15981,1.16018,1.15957,1.15981,4783,0,0,1.1598743439560657,1.1585007132062286
1781499600,1.15982,1.15996,1.15941,1.1598,4143,0,0,1.15985782307694,1.1585771418411563
1781501400,1.1598,1.16015,1.15975,1.15995,3172,0,0,1.15987830683762,1.1586578982034412
1781503200,1.15995,1.16021,1.15981,1.16017,2973,0,0,1.159943127540371,1.1587468453679446
1781505000,1.16017,1.16054,1.16008,1.16043,3478,0,0,1.1600513214202886,1.1588458544639477
1781506800,1.16043,1.16091,1.16032,1.1609,2771,0,0,1.1602399166602244,1.1589666865543038
1781508600,1.16089,1.16136,1.16086,1.16125,2552,0,0,1.160464379624619,1.159100999109933
1781510400,1.16125,1.16222,1.16125,1.16184,3522,0,0,1.1607700730413704,1.1592621168093487
1781512200,1.16184,1.16196,1.16136,1.16168,3208,0,0,1.160972279032177,1.1594043452323282
1781514000,1.16169,1.1618,1.16066,1.16078,5537,0,0,1.1609295503583599,1.1594852661010147
1781515800,1.16078,1.16088,1.16006,1.16063,5921,0,0,1.1608629836120579,1.15955260338919
1781517600,1.16064,1.16106,1.16014,1.16085,7592,0,0,1.1608600983649338,1.1596289208368848
1781519400,1.16086,1.16095,1.16039,1.16062,6265,0,0,1.1608067431727263,1.1596872196111858
1781521200,1.16062,1.16102,1.16038,1.16077,5992,0,0,1.1607985780232315,1.1597509125752337
1781523000,1.16077,1.16104,1.15969,1.16003,6108,0,0,1.1606277829069578,1.159767329482573
1781524800,1.16015,1.16105,1.16009,1.16053,254,0,0,1.1606060533720783,1.1598121924541862
1781526600,1.16056,1.16104,1.1605,1.16069,3480,0,0,1.160624708178283,1.1598638281921754
1781528400,1.16068,1.16116,1.16032,1.16103,4346,0,0,1.1607147730275535,1.159932426533812
1781530200,1.16104,1.16146,1.16099,1.16107,4284,0,0,1.160793712354764,1.1599993426200583
1781532000,1.16107,1.16143,1.16067,1.16069,5263,0,0,1.1607706651648164,1.1600399695247607
1781533800,1.1607,1.16141,1.16056,1.16091,6195,0,0,1.160801628461524,1.16009114778801
1781535600,1.16091,1.16124,1.16044,1.16097,6926,0,0,1.1608390443589631,1.1601428449769506
1781537400,1.16096,1.16199,1.16084,1.16154,6598,0,0,1.1609948122791935,1.1602250305665418
1781539200,1.16154,1.1618,1.1612,1.16168,5979,0,0,1.1611470762171505,1.160310617003804
1781541000,1.16168,1.16206,1.16131,1.16169,9387,0,0,1.1612677259466726,1.1603917571800508
1781542800,1.16169,1.16188,1.16086,1.16125,8544,0,0,1.161263786847412,1.1604422420518126
1781544600,1.16125,1.16135,1.16051,1.16078,9224,0,0,1.1611562786590983,1.1604621101664117
1781546400,1.16078,1.16078,1.16013,1.16032,6477,0,0,1.1609704389570765,1.160453750744858
1781548200,1.16032,1.16035,1.15965,1.15984,5476,0,0,1.1607192302999483,1.1604176477598662
1781550000,1.15984,1.1605,1.15974,1.16048,5455,0,0,1.160666068011071,1.1604213155386975
1781551800,1.16048,1.16053,1.15976,1.16036,5118,0,0,1.1605980528974997,1.1604177087423035
1781553600,1.16036,1.16042,1.15987,1.16005,4830,0,0,1.160476263364722,1.1603960788162855
1781555400,1.16006,1.1601,1.15979,1.15994,3448,0,0,1.1603570937281171,1.1603692506506216
1781557200,1.15994,1.16032,1.15976,1.15977,4668,0,0,1.1602266284552023,1.1603340006123497
1781559000,1.15977,1.15986,1.15939,1.15947,4919,0,0,1.1600584887984908,1.1602831770469175
1781560800,1.15947,1.15963,1.15899,1.15917,4497,0,0,1.1598610468432706,1.1602176960441577
1781562600,1.15916,1.15944,1.15844,1.15853,5062,0,0,1.1595652586558771,1.160118419806266
1781564400,1.15853,1.15893,1.15836,1.1589,3484,0,0,1.1594174233990155,1.1600467480529562
1781566200,1.1589,1.15901,1.15871,1.15886,3073,0,0,1.1592935515325675,1.1599769393439585
1781568000,1.15894,1.15982,1.15815,1.15879,794,0,0,1.159181651191997,1.1599071193825492
1781569800,1.15879,1.15944,1.15871,1.15897,925,0,0,1.1591346175937756,1.1598519947129875
1781571600,1.15897,1.15911,1.15847,1.15867,2999,0,0,1.1590313692396033,1.1597824656122235
1781573400,1.15867,1.15898,1.15862,1.15885,1872,0,0,1.1589910649641357,1.1597276146938573
1781575200,1.15886,1.15921,1.15884,1.15913,1491,0,0,1.15902193941655,1.1596924608883363
1781577000,1.15913,1.15939,1.15906,1.15913,1194,0,0,1.159045952879539,1.1596593749537283
1781578800,1.15913,1.15922,1.15878,1.15885,3026,0,0,1.1590024077951968,1.1596117646623325
1781580600,1.15885,1.15937,1.15883,1.1593,2947,0,0,1.159068539396264,1.1595934255645484
1781582400,1.1593,1.15952,1.15894,1.1591,5150,0,0,1.1590755306415388,1.1595644005313397
1781584200,1.15909,1.15926,1.15869,1.15878,3820,0,0,1.1590098571656413,1.1595182593236137
1781586000,1.15878,1.15881,1.15827,1.15862,3370,0,0,1.1589232222399433,1.1594654205398718
1781587800,1.15864,1.15895,1.15856,1.15878,3009,0,0,1.1588913950755115,1.1594251016845851
1781589600,1.15878,1.15885,1.1584,1.15856,3735,0,0,1.158817751725398,1.1593742133501979
1781591400,1.15855,1.15888,1.15852,1.15864,3291,0,0,1.1587782513419762,1.159331024329598
1781593200,1.15863,1.15871,1.15757,1.15784,3726,0,0,1.1585697510437591,1.159243317016092
1781595000,1.15784,1.15807,1.15763,1.1579,3486,0,0,1.1584209174784794,1.1591642983680868
1781596800,1.1579,1.15811,1.1577,1.15794,2758,0,0,1.1583140469277062,1.1590922808170228
1781598600,1.15794,1.15807,1.15753,1.15756,3596,0,0,1.1581464809437714,1.1590021466513154
1781600400,1.15756,1.15789,1.15746,1.15787,3902,0,0,1.1580850407340444,1.158935549789473
1781602200,1.15787,1.15877,1.15777,1.15874,6277,0,0,1.15823058723759,1.1589240468606805
1781604000,1.15874,1.15914,1.15851,1.1591,6659,0,0,1.1584237900736811,1.1589343970453463
1781605800,1.1591,1.15956,1.15893,1.15955,5386,0,0,1.1586740589461964,1.1589706089838554
1781607600,1.15955,1.16019,1.15932,1.16015,6552,0,0,1.1590020458470416,1.1590399849259814
1781609400,1.16015,1.16067,1.15984,1.16056,5165,0,0,1.1593482578810324,1.1591293975773944
1781611200,1.16056,1.16095,1.16005,1.16016,5656,0,0,1.1595286450185807,1.1591900212493125
1781613000,1.16015,1.16036,1.15998,1.16011,4728,0,0,1.1596578350144515,1.1592441376464118
1781614800,1.16011,1.1613,1.16005,1.16093,5148,0,0,1.1599405383445736,1.1593433060201521
1781616600,1.16093,1.16126,1.16073,1.16118,4612,0,0,1.1602159742680016,1.159451346842496
1781618400,1.16118,1.16121,1.16027,1.16041,5115,0,0,1.1602590910973345,1.1595077382047023
1781620200,1.16041,1.16067,1.15969,1.15992,5971,0,0,1.160183737520149,1.1595319888985434
1781622000,1.15991,1.15994,1.15913,1.15949,5760,0,0,1.1600295736267825,1.1595295189633348
1781623800,1.15949,1.16019,1.15942,1.15995,6116,0,0,1.1600118905986085,1.159554253141962
1781625600,1.15995,1.16026,1.15948,1.15978,6679,0,0,1.1599603593544732,1.1595675323689054
1781627400,1.15978,1.16036,1.15912,1.15927,9220,0,0,1.1598069461645903,1.1595500304648523
1781629200,1.15927,1.15972,1.15879,1.15907,8310,0,0,1.159643180350237,1.1595217933786846
1781631000,1.15907,1.16085,1.15878,1.1607,9245,0,0,1.1598780291612956,1.1595910996505265
1781632800,1.1607,1.16082,1.15998,1.16022,7618,0,0,1.1599540226810077,1.1596280937887309
1781634600,1.16022,1.16189,1.16014,1.16141,8657,0,0,1.1602775731963393,1.1597329118011583
1781636400,1.16141,1.16199,1.16124,1.16168,7863,0,0,1.1605892235971527,1.1598474464010902
1781638200,1.16168,1.16177,1.16112,1.16132,5293,0,0,1.1607516183533408,1.1599340672010259
1781640000,1.16132,1.16139,1.16104,1.1612,4999,0,0,1.1608512587192652,1.1600085338362596
1781641800,1.16121,1.16133,1.16107,1.16113,4611,0,0,1.1609132012260952,1.1600745024341266
1781643600,1.16113,1.16142,1.16095,1.16102,4399,0,0,1.1609369342869629,1.1601301199380016
1781645400,1.16102,1.16114,1.16056,1.16104,4515,0,0,1.160959837778749,1.16018364229459
1781647200,1.16105,1.16138,1.16104,1.16115,5336,0,0,1.161002096050138,1.1602404868654965
1781649000,1.16115,1.16118,1.16058,1.16082,5032,0,0,1.1609616302612182,1.1602745758734085
1781650800,1.16082,1.16098,1.16059,1.16095,3721,0,0,1.1609590457587253,1.1603143067043844
1781652600,1.16095,1.16097,1.16056,1.1608,3965,0,0,1.1609237022567864,1.1603428768982442
1781654400,1.16072,1.16129,1.16042,1.1612,1401,0,0,1.1609851017552784,1.1603932959042298
1781656200,1.1612,1.16122,1.16071,1.16084,595,0,0,1.160952856920772,1.1604195726157458
1781658000,1.16084,1.16114,1.16083,1.16109,2264,0,0,1.1609833331606005,1.160459009520702
1781659800,1.16108,1.16132,1.16106,1.16122,1583,0,0,1.161035925791578,1.1605037736665431
1781661600,1.16122,1.16148,1.16117,1.16145,1570,0,0,1.1611279422823384,1.1605594340390994
1781663400,1.16145,1.16149,1.1609,1.16097,3226,0,0,1.1610928439973744,1.160583584977976
1781665200,1.16097,1.16167,1.16087,1.16154,4993,0,0,1.161192211997958,1.1606398446851538
1781667000,1.16154,1.1616,1.16124,1.16148,3875,0,0,1.1612561648873008,1.160689265586027
1781668800,1.16148,1.16162,1.1612,1.16122,3652,0,0,1.1612481282456784,1.1607204852574373
1781670600,1.16121,1.16142,1.16102,1.16124,2724,0,0,1.1612463219688611,1.1607510449481762
1781672400,1.16124,1.16152,1.16118,1.16139,2339,0,0,1.1612782504202253,1.16078863053946
1781674200,1.16139,1.16141,1.16093,1.16093,2117,0,0,1.161200861437953,1.1607969463900798
1781676000,1.16093,1.16113,1.16078,1.16105,2215,0,0,1.1611673366739634,1.1608118318965457
1781677800,1.16105,1.16123,1.161,1.16103,2451,0,0,1.1611368174130827,1.1608246653143959
1781679600,1.16103,1.16137,1.161,1.16115,2240,0,0,1.161139746876842,1.1608438026488432
1781681400,1.16114,1.16131,1.161,1.16124,2071,0,0,1.161162025348655,1.1608671083753819
1781683200,1.16125,1.16145,1.16112,1.16123,2429,0,0,1.1611771308267316,1.160888454941536
1781685000,1.16122,1.16151,1.16105,1.16121,2674,0,0,1.1611844350874578,1.1609073693567395
1781686800,1.16124,1.16147,1.16058,1.16061,4894,0,0,1.1610567828458005,1.1608898770416372
1781688600,1.16061,1.16088,1.16039,1.16081,4979,0,0,1.1610019422134004,1.160885178392129
1781690400,1.1608,1.1615,1.16067,1.16069,5034,0,0,1.1609326217215337,1.1608736973102391
1781692200,1.16068,1.16091,1.16045,1.16084,4851,0,0,1.1609120391167485,1.1608717151155192
1781694000,1.16084,1.16085,1.1598,1.16022,5587,0,0,1.1607582526463598,1.1608333789322534
1781695800,1.16022,1.16034,1.15993,1.1602,4539,0,0,1.1606341965027243,1.1607961213480031
1781697600,1.1602,1.16061,1.16007,1.16048,4122,0,0,1.16059993061323,1.1607775259745912
1781699400,1.16048,1.1606,1.16014,1.16039,3532,0,0,1.1605532793658455,1.160754730329027
1781701200,1.16039,1.16047,1.15947,1.15962,4421,0,0,1.160345883951213,1.1606879814861433
1781703000,1.15962,1.16009,1.15954,1.15971,3551,0,0,1.1602045764064992,1.1606304531634288
1781704800,1.15971,1.15973,1.15894,1.159,4907,0,0,1.1599368927606104,1.1605345441538153
1781706600,1.15901,1.15916,1.15849,1.15915,5120,0,0,1.159762027702697,1.1604531003800616
1781708400,1.15915,1.15982,1.15901,1.15964,5648,0,0,1.1597349104354309,1.1604052709459403
1781710200,1.15964,1.16029,1.15931,1.16021,5255,0,0,1.159840485894224,1.1603937844197085
1781712000,1.16021,1.1603,1.15976,1.15982,5255,0,0,1.1598359334732853,1.1603600323950196
1781713800,1.15983,1.16015,1.15952,1.1597,8022,0,0,1.1598057260347776,1.1603212069600186
1781715600,1.1597,1.15986,1.15902,1.15926,7605,0,0,1.1596844535826047,1.160258783021194
1781717400,1.15926,1.15958,1.1581,1.15893,9986,0,0,1.1595167972309148,1.1601806193140647
1781719200,1.15894,1.15941,1.1587,1.15927,8187,0,0,1.1594619534018227,1.160127053472061
1781721000,1.15927,1.15941,1.15892,1.15926,5523,0,0,1.1594170748680843,1.1600760503266454
1781722800,1.15927,1.15934,1.15891,1.15919,4943,0,0,1.1593666137862877,1.1600239297191957
1781724600,1.1592,1.1593,1.15884,1.15918,4095,0,0,1.1593251440560017,1.159974286794537
1781726400,1.15918,1.1592,1.15878,1.15908,4755,0,0,1.1592706675991125,1.159921681688976
1781728200,1.15908,1.15964,1.15903,1.15955,4754,0,0,1.1593327414659764,1.1598998180602127
1781730000,1.15955,1.15955,1.15416,1.15488,22887,0,0,1.1583432433624261,1.159604534644906
1781731800,1.15488,1.15664,1.15356,1.15388,26724,0,0,1.1573514115041093,1.1592677973128527
1781733600,1.15388,1.15421,1.14956,1.14959,25673,0,0,1.155626653392085,1.158698515117979
1781735400,1.14959,1.14976,1.14779,1.14942,22102,0,0,1.1542473970827327,1.1581527201110389
1781737200,1.14943,1.14999,1.14869,1.14996,8186,0,0,1.1532946421754589,1.1576707953986247
1781739000,1.14996,1.15056,1.14985,1.1501,6078,0,0,1.1525847216920235,1.1572254544928233
1781740800,1.1501,1.15043,1.1499,1.15042,950,0,0,1.1521036724271294,1.1568251336403044
1781742600,1.15042,1.15043,1.15006,1.15037,1138,0,0,1.1517184118877672,1.156445419896757
1781744400,1.15037,1.15051,1.15001,1.1502,4821,0,0,1.151380987023819,1.1560780422557713
1781746200,1.1502,1.15057,1.15017,1.15045,4144,0,0,1.1511741010185257,1.1557469809466083
1781748000,1.15045,1.15087,1.15044,1.15064,2001,0,0,1.1510554119032976,1.1554465703026902
1781749800,1.15064,1.15077,1.15037,1.15069,3553,0,0,1.1509742092581203,1.1551667720495906
1781751600,1.15069,1.15208,1.15068,1.15104,6851,0,0,1.1509888294229824,1.1549240207525557
1781753400,1.15104,1.15169,1.15091,1.15156,6107,0,0,1.151115756217875,1.154726137178876
1781755200,1.15156,1.1522,1.15153,1.15212,5218,0,0,1.1513389215027918,1.1545728349918833
1781757000,1.15212,1.15225,1.15155,1.15165,4766,0,0,1.151408050057727,1.1544009035217726
1781758800,1.15166,1.15184,1.1513,1.15163,3527,0,0,1.151457372267121,1.1542379091969623
1781760600,1.15163,1.1521,1.15153,1.15178,3555,0,0,1.1515290673188718,1.1540933263030233
1781762400,1.15178,1.15234,1.15177,1.15226,3637,0,0,1.151691496803567,1.153985483579316
1781764200,1.15227,1.15245,1.1521,1.15234,3020,0,0,1.1518356086249963,1.1538886904275913
1781766000,1.15234,1.15264,1.152,1.15227,3645,0,0,1.1519321400416638,1.1537934733436155
1781767800,1.15228,1.15252,1.1521,1.15232,3705,0,0,1.1520183311435161,1.1537067984410498
1781769600,1.15231,1.1525,1.15176,1.1518,3434,0,0,1.1519698131116236,1.1535946338268703
1781771400,1.1518,1.15186,1.15103,1.15107,3273,0,0,1.151769854642374,1.1534461259547013
1781773200,1.15106,1.15273,1.15104,1.15271,6966,0,0,1.1519787758329576,1.1534028244279542
1781775000,1.15271,1.15284,1.15188,1.15195,8791,0,0,1.1519723812034115,1.1533173641674863
1781776800,1.15195,1.1523,1.15072,1.15105,8673,0,0,1.1517674076026534,1.153183989804693
1781778600,1.15105,1.1521,1.15064,1.15128,7774,0,0,1.1516590948020637,1.1530719904044169
1781780400,1.15128,1.1514,1.1501,1.15024,9217,0,0,1.1513437404016051,1.1529054027335688
1781782200,1.15025,1.15035,1.14821,1.14826,9746,0,0,1.1506584647568041,1.152632143749241
1781784000,1.14826,1.1486,1.14747,1.14762,11031,0,0,1.1499832503664031,1.1523373117639915
1781785800,1.14762,1.14836,1.14746,1.14766,6739,0,0,1.1494669725072024,1.1520621757778744
1781787600,1.14766,1.14774,1.1462,1.14716,9622,0,0,1.1489543119500463,1.1517738124968229
1781789400,1.14716,1.14727,1.14595,1.14608,7858,0,0,1.1483155759611472,1.1514388823499508
1781791200,1.14608,1.14669,1.14536,1.14625,10439,0,0,1.1478565590808922,1.1511336539764243
1781793000,1.14625,1.14655,1.14555,1.14573,8935,0,0,1.1473839903962495,1.1508157919778113
1781794800,1.14573,1.14818,1.14532,1.14711,10287,0,0,1.1473231036415275,1.1505978042144105
1781796600,1.14711,1.14732,1.14638,1.14694,8314,0,0,1.1472379694989658,1.1503826392606216
1781798400,1.14694,1.14719,1.14629,1.14713,9850,0,0,1.1472139762769733,1.1501913075394086
1781800200,1.14713,1.14841,1.14707,1.14723,12967,0,0,1.1472175371043125,1.1500171129782668
1781802000,1.14723,1.14776,1.14672,1.14746,12117,0,0,1.1472714177477985,1.1498666945677805
1781803800,1.14746,1.14875,1.14696,1.14863,10917,0,0,1.1475733249149545,1.1497939478284993
1781805600,1.14864,1.14876,1.14756,1.14778,9993,0,0,1.1476192527116313,1.1496754803091758
1781807400,1.14777,1.14785,1.14689,1.14692,9369,0,0,1.1474638632201577,1.1495133932321655
1781809200,1.14692,1.14723,1.1463,1.14697,8993,0,0,1.1473541158379006,1.1493637818655675
1781811000,1.14701,1.14706,1.14616,1.14652,6740,0,0,1.1471687567628115,1.1491965005793576
1781812800,1.14652,1.14736,1.14632,1.14715,6591,0,0,1.1471645885932977,1.1490761181923366
1781814600,1.14714,1.14716,1.14623,1.14626,5298,0,0,1.1469635689058983,1.1489104641810228
1781816400,1.14626,1.14659,1.14603,1.14632,5995,0,0,1.1468205535934766,1.1487580839350804
1781818200,1.14631,1.14654,1.14589,1.14595,5547,0,0,1.1466270972393706,1.1485929025271344
1781820000,1.14595,1.14602,1.14508,1.14522,7120,0,0,1.146314408963955,1.1483944964961266
1781821800,1.14522,1.14629,1.1452,1.14575,8267,0,0,1.1461889847497426,1.1482389378787072
1781823600,1.14578,1.14633,1.14552,1.14622,4074,0,0,1.1461958770275775,1.1481201768270186
1781825400,1.1462,1.14625,1.14568,1.14574,3441,0,0,1.1460945710214492,1.1479801664254292
1781827200,1.14567,1.14674,1.14555,1.14581,430,0,0,1.1460313330166827,1.1478525095768746
1781829000,1.14581,1.14637,1.14581,1.14618,592,0,0,1.1460643701240865,1.1477541266605877
1781830800,1.14618,1.14634,1.14588,1.146,3101,0,0,1.1460500656520674,1.1476509427393766
1781832600,1.14599,1.14636,1.1458,1.14632,3431,0,0,1.1461100510627191,1.1475726519900016
1781834400,1.14632,1.14635,1.14596,1.14605,2139,0,0,1.146096706382115,1.1474830842258839
1781836200,1.14607,1.14612,1.14568,1.14584,2268,0,0,1.1460396605194227,1.1473864322125966
1781838000,1.14584,1.14647,1.14583,1.14608,4597,0,0,1.1460486248484398,1.1473095832589144
1781839800,1.14608,1.14657,1.14607,1.14618,4168,0,0,1.1460778193265644,1.1472431371848606
1781841600,1.14619,1.14635,1.14593,1.14613,3646,0,0,1.1460894150317724,1.1471776585269275
1781843400,1.14613,1.14613,1.1452,1.14531,3532,0,0,1.1459162116913786,1.1470677962606377
1781845200,1.14532,1.14577,1.14512,1.14572,4186,0,0,1.1458726090932945,1.146988514127659
1781847000,1.14572,1.14579,1.14532,1.14545,2838,0,0,1.1457786959614513,1.1468980132966202
1781848800,1.14546,1.14548,1.14434,1.14437,4542,0,0,1.1454656524144622,1.146749306632113
1781850600,1.14438,1.14467,1.14417,1.14424,4097,0,0,1.1451932852112483,1.1466017003596358
1781852400,1.14424,1.1443,1.14376,1.14397,4143,0,0,1.144921444053193,1.1464468944561277
1781854200,1.14397,1.14435,1.14273,1.14287,4818,0,0,1.1444655675969277,1.1462364888998848
1781856000,1.14287,1.14292,1.14177,1.14225,6917,0,0,1.1439732192420549,1.1460019895528326
1781857800,1.14225,1.14338,1.14186,1.14308,5557,0,0,1.1437747260771538,1.1458301078144306
1781859600,1.14308,1.14391,1.14301,1.14369,6946,0,0,1.1437558980600087,1.145704219119464
1781861400,1.14369,1.14424,1.1429,1.14422,6183,0,0,1.143859031824451,1.1456169121124367
1781863200,1.14422,1.14493,1.14416,1.14461,7150,0,0,1.1440259136412396,1.1455576819881756
1781865000,1.1446,1.1449,1.14432,1.14465,5593,0,0,1.144164599498742,1.1455042889300477
1781866800,1.14465,1.14597,1.14463,1.14591,5440,0,0,1.1445524662767992,1.1455281542871039
